region,income,year,population,overall_score,data_use_score,data_services_score,data_products_score,data_sources_score,data_infrastructure_score
Europe & Central Asia,High income,2019,5347896,89.09375,100.0,92.23333333333332,77.56875,75.66666666666667,100.0
Europe & Central Asia,High income,2019,37965475,89.07083333333333,100.0,95.09999999999998,70.5375,79.71666666666667,100.0
Europe & Central Asia,High income,2019,5814422,88.88208333333334,100.0,98.7,68.01875,77.69166666666666,100.0
Europe & Central Asia,High income,2019,10278887,88.86416666666668,100.0,94.86666666666666,75.2375,74.21666666666667,100.0
Europe & Central Asia,High income,2019,47134837,88.85416666666666,100.0,90.86666666666665,75.53750000000001,77.86666666666666,100.0
Europe & Central Asia,High income,2019,5521606,88.84750000000001,100.0,94.93333333333332,75.2375,74.06666666666666,100.0
Europe & Central Asia,High income,2019,2088385,88.60125000000001,100.0,96.93333333333332,76.28125000000001,69.79166666666666,100.0
Europe & Central Asia,High income,2019,17344874,88.59583333333335,100.0,98.5,71.3625,73.11666666666666,100.0
Europe & Central Asia,High income,2019,59729081,88.52916666666668,100.0,91.86666666666665,75.2875,75.49166666666667,100.0
Europe & Central Asia,High income,2019,83092962,87.82791666666667,100.0,96.46666666666664,71.10625,76.56666666666666,95.0
East Asia & Pacific,High income,2019,126633000,87.4725,100.0,90.53333333333332,73.51250000000002,78.31666666666666,95.0
North America,High income,2019,37618495,87.46583333333334,100.0,93.2,60.01250000000001,84.11666666666666,100.0
North America,High income,2019,328329953,87.25708333333333,100.0,94.0,63.11874999999999,79.16666666666666,100.0
Europe & Central Asia,High income,2019,8879920,86.79333333333335,100.0,91.3,74.55000000000001,73.11666666666666,95.0
Europe & Central Asia,High income,2019,10671870,86.73083333333334,100.0,90.1,74.5875,73.96666666666665,95.0
Europe & Central Asia,High income,2019,67388001,86.56333333333333,100.0,90.8,74.30000000000001,67.71666666666667,100.0
Europe & Central Asia,Upper middle income,2019,82579440,86.47125,100.0,83.99999999999999,86.08125,62.275000000000006,100.0
Europe & Central Asia,High income,2019,1326898,86.41375,100.0,93.93333333333332,67.49374999999999,70.64166666666667,100.0
Europe & Central Asia,High income,2019,10286263,86.25916666666666,100.0,90.76666666666668,71.03750000000001,69.49166666666666,100.0
East Asia & Pacific,High income,2019,25334826,86.24166666666669,90.0,92.66666666666666,74.07500000000002,74.46666666666665,100.0
Europe & Central Asia,High income,2019,8575280,86.18166666666667,100.0,87.66666666666667,76.55,76.69166666666666,90.0
Latin America & Caribbean,Upper middle income,2019,125085311,86.17041666666665,100.0,92.93333333333332,89.31875000000001,73.6,75.0
Europe & Central Asia,High income,2019,5454147,85.595,90.0,94.93333333333332,69.95,73.09166666666667,100.0
Europe & Central Asia,High income,2019,4934340,85.37750000000001,90.0,94.73333333333332,74.1125,68.04166666666667,100.0
Europe & Central Asia,High income,2019,10721582,85.36083333333333,100.0,87.5,68.53750000000001,70.76666666666667,100.0
Europe & Central Asia,High income,2019,9771141,85.16416666666669,100.0,86.86666666666667,69.0375,69.91666666666666,100.0
Europe & Central Asia,High income,2019,2794137,84.94375000000001,100.0,91.83333333333331,60.96874999999999,71.91666666666666,100.0
East Asia & Pacific,High income,2019,51764822,84.61708333333334,100.0,93.4,75.61875,74.06666666666666,80.0
East Asia & Pacific,High income,2019,4979200,83.50375000000001,100.0,91.63333333333333,71.51875,64.36666666666667,90.0
Europe & Central Asia,High income,2019,1913822,83.38916666666667,100.0,89.16666666666666,61.3875,66.39166666666667,100.0
Europe & Central Asia,High income,2019,66836327,83.36833333333334,100.0,86.79999999999998,74.025,66.01666666666667,90.0
Europe & Central Asia,High income,2019,11488980,83.145,100.0,83.93333333333332,62.225,69.56666666666666,100.0
Latin America & Caribbean,High income,2019,19039485,82.43708333333333,100.0,76.96666666666665,80.69375,59.525000000000006,95.0
Europe & Central Asia,High income,2019,6975761,81.99333333333334,100.0,90.1,60.67499999999999,69.19166666666666,90.0
Europe & Central Asia,Upper middle income,2019,2820602,81.89666666666668,100.0,84.96666666666665,81.22500000000001,58.29166666666667,85.0
Europe & Central Asia,Upper middle income,2019,3720161,81.73041666666667,100.0,86.46666666666667,73.71875,68.46666666666667,80.0
Middle East & North Africa,High income,2019,9054000,81.4725,100.0,85.73333333333333,58.46249999999999,68.16666666666666,95.0
Latin America & Caribbean,Upper middle income,2019,5084532,80.77791666666667,100.0,86.46666666666667,75.95625,71.46666666666667,70.0
Europe & Central Asia,Upper middle income,2019,2664224,80.3225,100.0,94.23333333333332,53.5625,63.81666666666666,90.0
Europe & Central Asia,Lower middle income,2019,6456200,80.13583333333334,100.0,81.46666666666667,73.63749999999999,60.575,85.0
Europe & Central Asia,High income,2019,1228836,79.61791666666667,100.0,92.26666666666664,53.33124999999998,67.49166666666667,85.0
Latin America & Caribbean,Upper middle income,2019,211782878,79.25708333333334,90.0,83.3,73.09375,74.89166666666667,75.0
Europe & Central Asia,High income,2019,19371648,79.17791666666668,100.0,87.16666666666666,56.73124999999999,71.99166666666666,80.0
Europe & Central Asia,Upper middle income,2019,9419758,79.13125000000001,100.0,79.23333333333333,67.88125000000001,63.54166666666667,85.0
Europe & Central Asia,High income,2019,620001,78.67124999999999,80.0,90.43333333333332,61.28125,61.64166666666666,100.0
Europe & Central Asia,High income,2019,360563,78.35333333333334,80.0,87.79999999999998,59.70000000000001,64.26666666666667,100.0
Europe & Central Asia,Upper middle income,2019,18513673,78.22916666666667,100.0,82.13333333333333,78.3125,60.7,70.0
East Asia & Pacific,High income,2019,5703569,78.10916666666668,100.0,100.0,42.1625,73.38333333333334,75.0
Europe & Central Asia,High income,2019,145453291,77.85041666666667,93.4,83.66666666666667,58.51875000000001,63.66666666666667,90.0
East Asia & Pacific,Upper middle income,2019,3232430,76.61333333333333,100.0,80.0,77.475,65.59166666666665,60.0
Europe & Central Asia,Upper middle income,2019,6945235,76.12291666666667,100.0,67.36666666666666,68.43125,64.81666666666666,80.0
East Asia & Pacific,Upper middle income,2019,71307763,76.11083333333333,100.0,76.46666666666665,76.2375,57.85,70.0
Europe & Central Asia,Upper middle income,2019,2854191,76.04291666666667,100.0,69.76666666666667,72.70625,62.74166666666666,75.0
Middle East & North Africa,High income,2019,504062,75.53833333333334,100.0,83.99999999999999,45.50000000000001,73.19166666666665,75.0
East Asia & Pacific,Lower middle income,2019,110380804,75.39333333333333,100.0,88.26666666666667,75.175,78.525,35.0
South Asia,Lower middle income,2019,21803000,75.04791666666667,100.0,81.03333333333333,70.45624999999998,78.75000000000001,45.0
Middle East & North Africa,Lower middle income,2019,105618671,74.40083333333332,100.0,76.8,72.63749999999999,62.56666666666666,60.0
Sub-Saharan Africa,Upper middle income,2019,58087055,74.30833333333334,76.6,85.5,75.075,69.36666666666666,65.0
Latin America & Caribbean,Upper middle income,2019,50187406,74.09541666666667,100.0,84.26666666666667,83.11874999999999,48.09166666666667,55.00000000000001
Latin America & Caribbean,Upper middle income,2019,17343740,73.11666666666666,100.0,87.73333333333333,76.425,56.425,45.0
Europe & Central Asia,Upper middle income,2019,1876262,72.69875000000002,100.0,88.06666666666668,51.14375,59.28333333333333,65.0
Europe & Central Asia,Upper middle income,2019,44474512,72.47416666666666,100.0,46.06666666666667,67.3375,48.96666666666667,100.0
East Asia & Pacific,Upper middle income,2019,269582878,72.2025,100.0,87.33333333333333,74.88749999999999,43.79166666666666,55.00000000000001
Sub-Saharan Africa,Upper middle income,2019,1265985,71.90708333333335,90.0,86.19999999999999,56.99375000000001,56.34166666666667,70.0
Europe & Central Asia,High income,2019,4065253,70.79416666666667,90.0,50.76666666666667,57.2875,65.91666666666667,90.0
Middle East & North Africa,Lower middle income,2019,4685306,70.76291666666667,90.0,86.56666666666666,55.681250000000006,61.56666666666667,60.0
Latin America & Caribbean,Upper middle income,2019,44938712,69.43916666666667,90.0,79.46666666666667,79.58749999999999,63.141666666666666,35.0
Europe & Central Asia,Upper middle income,2019,622028,69.01916666666666,100.0,64.26666666666667,67.11249999999998,58.71666666666666,55.00000000000001
East Asia & Pacific,Upper middle income,2019,32804020,68.88041666666666,80.0,84.03333333333333,73.01874999999998,57.35,50.0
Latin America & Caribbean,Upper middle income,2019,6280217,68.79333333333332,90.0,79.93333333333332,69.14999999999999,44.88333333333333,60.0
Europe & Central Asia,Upper middle income,2019,10024283,68.14125,80.0,64.63333333333333,60.98125,55.09166666666666,80.0
Latin America & Caribbean,Upper middle income,2019,32824861,68.01291666666667,90.0,85.76666666666665,77.33125,46.96666666666666,40.0
Sub-Saharan Africa,Low income,2019,42949080,67.57083333333334,100.0,64.19999999999999,74.7875,33.86666666666667,65.0
South Asia,Lower middle income,2019,1383112050,67.37041666666667,80.0,87.96666666666665,59.99375,53.89166666666667,55.00000000000001
Latin America & Caribbean,High income,2019,3428409,66.99208333333334,100.0,83.89999999999999,65.99375,65.06666666666668,20.0
Middle East & North Africa,Lower middle income,2019,36304408,66.35291666666666,80.0,88.39999999999999,68.15625,45.208333333333336,50.0
Sub-Saharan Africa,Lower middle income,2019,16000781,65.90041666666667,80.0,81.03333333333333,66.91874999999999,51.55,50.0
Middle East & North Africa,Lower middle income,2019,12049314,64.90083333333334,90.0,85.66666666666667,64.86249999999998,53.975,30.0
Sub-Saharan Africa,Lower middle income,2019,31522290,64.16583333333334,90.0,61.266666666666666,65.1125,54.45,50.0
Latin America & Caribbean,Upper middle income,2019,10881882,64.16458333333334,100.0,65.6,59.95625,35.266666666666666,60.0
East Asia & Pacific,Lower middle income,2019,53040212,63.43291666666666,100.0,67.06666666666666,73.80624999999998,41.29166666666666,35.0
Sub-Saharan Africa,Low income,2019,12835028,62.45875000000001,80.0,72.43333333333332,69.61875,45.24166666666666,45.0
Latin America & Caribbean,Lower middle income,2019,11777315,62.31625,100.0,68.53333333333333,70.38125,52.66666666666666,20.0
Latin America & Caribbean,Upper middle income,2019,16604026,61.86625,80.0,62.1,73.93124999999999,58.3,35.0
Sub-Saharan Africa,Lower middle income,2019,15354608,61.6525,90.0,59.93333333333333,70.2375,43.09166666666667,45.0
South Asia,Lower middle income,2019,223293280,61.00541666666667,100.0,60.966666666666654,73.29375,40.766666666666666,30.0
Sub-Saharan Africa,Low income,2019,8243094,60.88041666666667,90.0,59.833333333333336,68.54374999999997,41.025,45.0
Latin America & Caribbean,High income,2019,4232532,60.58458333333334,80.0,62.79999999999999,65.20624999999998,64.91666666666667,30.0
East Asia & Pacific,Lower middle income,2019,95776716,60.12541666666665,100.0,63.99999999999999,55.06875000000001,46.55833333333334,35.0
East Asia & Pacific,Upper middle income,2019,918465,59.93083333333333,90.0,59.5,52.93750000000001,52.216666666666654,45.0
East Asia & Pacific,Upper middle income,2019,1407745000,59.885,83.39999999999999,46.4,59.67499999999999,44.95,65.0
Europe & Central Asia,Upper middle income,2019,3360711,59.5675,70.0,60.66666666666667,58.13750000000002,49.03333333333333,60.0
Middle East & North Africa,Lower middle income,2019,10698683,59.51375000000001,80.0,47.5,71.29375,68.775,30.0
Latin America & Caribbean,Upper middle income,2019,6530026,59.37958333333333,70.0,63.06666666666667,76.43124999999999,32.4,55.00000000000001
Sub-Saharan Africa,Lower middle income,2019,18380477,59.187500000000014,90.0,57.8,70.4625,37.675,40.0
South Asia,Lower middle income,2019,165516222,58.90333333333334,90.0,61.59999999999999,68.975,48.94166666666667,25.0
Middle East & North Africa,Upper middle income,2019,42705368,58.6525,80.0,60.133333333333326,57.3625,55.766666666666666,40.0
Sub-Saharan Africa,Low income,2019,30285595,58.57041666666667,90.0,57.63333333333334,67.39374999999998,37.825,40.0
Sub-Saharan Africa,Low income,2019,18867337,58.30708333333335,90.0,61.23333333333334,66.54374999999999,43.75833333333334,30.0
Sub-Saharan Africa,Lower middle income,2019,59872579,58.23458333333333,76.6,60.7,68.78125,40.09166666666666,45.0
Middle East & North Africa,High income,2019,4441100,58.04958333333335,80.0,66.33333333333333,51.65625,57.25833333333333,35.0
Middle East & North Africa,High income,2019,9211657,58.0025,90.0,36.86666666666667,42.2375,55.90833333333334,65.0
Sub-Saharan Africa,Lower middle income,2019,32353588,57.95250000000001,80.0,57.3,68.5625,43.9,40.0
Middle East & North Africa,High income,2019,35827362,57.71875,60.0,60.73333333333333,47.21875,70.64166666666665,50.0
Sub-Saharan Africa,Upper middle income,2019,2499702,57.67916666666666,60.0,66.56666666666666,65.3875,56.44166666666667,40.0
Middle East & North Africa,Upper middle income,2019,86564202,57.35833333333333,80.0,59.8,51.62500000000001,60.36666666666667,35.0
Latin America & Caribbean,Lower middle income,2019,9958829,56.84625,70.0,62.36666666666666,66.85624999999999,45.00833333333333,40.0
Latin America & Caribbean,Upper middle income,2019,389095,56.095416666666665,70.0,62.26666666666667,55.76875000000001,62.44166666666667,30.0
Europe & Central Asia,Lower middle income,2019,9337003,56.09041666666668,90.0,31.366666666666664,65.49374999999999,43.59166666666667,50.0
Sub-Saharan Africa,Lower middle income,2019,203304492,55.91541666666666,90.0,62.4,54.84375,32.333333333333336,40.0
Sub-Saharan Africa,High income,2019,97625,55.90916666666666,70.0,46.46666666666667,52.837500000000006,60.24166666666666,50.0
Sub-Saharan Africa,Lower middle income,2019,50951450,55.86458333333333,70.0,60.46666666666667,61.43124999999999,42.425,45.0
Sub-Saharan Africa,Lower middle income,2019,26147551,55.77833333333333,90.0,59.9,68.475,35.516666666666666,25.0
Latin America & Caribbean,Upper middle income,2019,178583,55.49416666666668,100.0,55.93333333333332,45.9875,50.55,25.0
Middle East & North Africa,High income,2019,2807235,55.17833333333334,80.0,61.96666666666666,47.325,56.60000000000001,30.0
Sub-Saharan Africa,Lower middle income,2019,25782341,55.14333333333333,80.0,61.566666666666656,64.52499999999999,34.625,35.0
East Asia & Pacific,Lower middle income,2019,211905,55.04708333333333,80.0,63.5,50.41875,36.31666666666667,45.0
Sub-Saharan Africa,Lower middle income,2019,2225702,54.885416666666686,80.0,63.26666666666667,53.19375000000001,37.96666666666667,40.0
Sub-Saharan Africa,Low income,2019,20951639,54.45666666666666,80.0,59.566666666666656,62.025,35.69166666666666,35.0
Latin America & Caribbean,Upper middle income,2019,2813773,54.312916666666666,60.0,73.73333333333333,52.88125,54.95,30.0
East Asia & Pacific,Lower middle income,2019,16207746,53.865833333333335,70.0,59.2,60.4375,34.69166666666666,45.0
South Asia,Upper middle income,2019,504508,53.69250000000001,70.0,29.866666666666664,65.48750000000001,53.10833333333333,50.0
East Asia & Pacific,Lower middle income,2019,7212053,53.45208333333333,90.0,56.63333333333333,53.39375,37.23333333333333,30.0
Europe & Central Asia,Lower middle income,2019,33580350,53.24,60.0,55.99999999999999,50.12500000000001,35.075,65.0
Sub-Saharan Africa,Low income,2019,8046828,53.15333333333333,90.0,65.23333333333332,62.05,28.48333333333333,20.0
Sub-Saharan Africa,Low income,2019,23443393,52.68583333333332,70.0,61.96666666666666,60.83749999999999,35.62499999999999,35.0
Sub-Saharan Africa,Lower middle income,2019,577030,52.665416666666665,60.0,59.33333333333333,59.59375,64.4,20.0
East Asia & Pacific,Lower middle income,2019,1280438,52.37875000000001,50.0,58.23333333333333,59.26875,39.391666666666666,55.00000000000001
South Asia,Lower middle income,2019,28832496,52.22916666666667,70.0,61.33333333333333,68.03750000000001,41.775,20.0
Sub-Saharan Africa,Low income,2019,20567424,52.10125,66.60000000000001,63.1,64.23125,36.575,30.0
Sub-Saharan Africa,Low income,2019,4985289,51.93166666666668,100.0,28.83333333333333,56.825,29.0,45.0
South Asia,Low income,2019,37769499,51.929583333333326,70.0,59.9,68.30624999999999,21.441666666666663,40.0
South Asia,Lower middle income,2019,767459,51.65791666666667,70.0,59.23333333333333,67.78125,46.275,15.0
Sub-Saharan Africa,Lower middle income,2019,12290444,51.38291666666667,80.0,58.3,57.28124999999999,36.333333333333336,25.0
Latin America & Caribbean,Lower middle income,2019,6663924,51.31458333333334,80.0,60.03333333333334,45.38125,36.15833333333334,35.0
Middle East & North Africa,Lower middle income,2019,5781907,51.20041666666666,60.0,62.59999999999999,57.39375,46.008333333333326,30.0
Sub-Saharan Africa,Lower middle income,2019,12877539,51.03875,90.0,61.4,57.06875,26.725,20.0
Middle East & North Africa,High income,2019,1494188,50.940000000000005,70.0,64.26666666666667,41.6,48.833333333333336,30.0
Sub-Saharan Africa,Low income,2019,11874838,50.91333333333333,70.0,61.7,68.89999999999999,18.966666666666665,35.0
Middle East & North Africa,High income,2019,4602768,50.86958333333334,70.0,44.39999999999999,44.05624999999999,55.89166666666666,40.0
Sub-Saharan Africa,Lower middle income,2019,1169613,50.85041666666667,90.0,22.433333333333337,63.69374999999998,38.125,40.0
Sub-Saharan Africa,Low income,2019,27533134,50.81374999999999,80.0,56.3,62.59374999999999,25.175,30.0
Sub-Saharan Africa,Low income,2019,114120594,50.09249999999999,70.0,59.966666666666654,71.41249999999998,34.08333333333333,15.0
Sub-Saharan Africa,Low income,2019,2508883,49.90041666666667,80.0,28.53333333333333,64.91875,41.05,35.0
Sub-Saharan Africa,Upper middle income,2019,2446644,49.880833333333335,50.0,63.06666666666667,65.4625,40.87499999999999,30.0
Sub-Saharan Africa,Lower middle income,2019,4383849,49.73875,80.0,62.46666666666667,47.79375,23.433333333333337,35.0
Latin America & Caribbean,Upper middle income,2019,600301,48.80291666666667,50.0,62.43333333333333,46.63125,49.95,35.0
Latin America & Caribbean,High income,2019,798753,46.31958333333333,70.0,57.43333333333334,46.13125,33.03333333333333,25.0
Latin America & Caribbean,Upper middle income,2019,104924,44.12458333333333,30.0,62.66666666666667,41.78125,51.17499999999999,35.0
Latin America & Caribbean,High income,2019,1519955,42.54333333333334,60.0,27.266666666666666,40.225,45.225,40.0
East Asia & Pacific,Lower middle income,2019,9542486,40.50625,60.0,55.266666666666666,50.68125,16.583333333333332,20.0
Sub-Saharan Africa,Lower middle income,2019,214599,40.30083333333334,60.0,24.73333333333333,42.93750000000001,43.83333333333333,30.0
Middle East & North Africa,Upper middle income,2019,41563520,39.635000000000005,50.0,25.0,61.95,26.225,35.0
Sub-Saharan Africa,Low income,2019,43232093,39.49125,53.400000000000006,57.93333333333332,55.65624999999999,20.46666666666667,10.0
East Asia & Pacific,Lower middle income,2019,674993,39.00458333333334,50.0,60.43333333333334,47.45625,17.133333333333333,20.0
Sub-Saharan Africa,Low income,2019,16126866,38.88333333333334,56.60000000000001,51.53333333333333,52.35000000000001,18.933333333333337,15.0
East Asia & Pacific,Lower middle income,2019,304404,38.35166666666666,50.0,59.133333333333326,45.725,21.9,15.0
Middle East & North Africa,Lower middle income,2019,1073994,38.27625,50.0,60.36666666666666,41.60625,14.408333333333337,25.0
Latin America & Caribbean,High income,2019,404557,37.45416666666668,40.0,27.3,35.8375,29.133333333333333,55.00000000000001
Sub-Saharan Africa,Lower middle income,2019,5570733,36.23666666666667,60.0,27.933333333333337,47.80000000000001,25.45,20.0
Sub-Saharan Africa,Low income,2019,1970457,35.7325,70.0,27.266666666666666,41.98750000000001,19.40833333333333,20.0
Latin America & Caribbean,Lower middle income,2019,11160438,34.67958333333333,60.0,19.666666666666664,51.23125,22.5,20.0
Sub-Saharan Africa,Low income,2019,89906890,34.093333333333334,60.0,26.266666666666666,44.325,19.875,20.0
Middle East & North Africa,Low income,2019,31546691,32.92458333333334,60.0,25.53333333333333,37.90625,21.18333333333333,20.0
Sub-Saharan Africa,Low income,2019,10447666,30.82916666666667,20.0,41.766666666666666,45.7875,16.591666666666665,30.0
East Asia & Pacific,Lower middle income,2019,124241,28.49750000000001,40.0,25.766666666666666,46.18750000000001,15.533333333333331,15.0
Sub-Saharan Africa,Upper middle income,2019,2242785,28.054583333333337,40.0,23.73333333333333,41.55625,14.983333333333333,20.0
East Asia & Pacific,Lower middle income,2019,111379,27.571250000000003,30.0,25.63333333333333,41.681250000000006,25.541666666666668,15.0
Sub-Saharan Africa,Low income,2019,15981300,25.94791666666667,46.6,36.03333333333333,45.45625,1.65,0.0
Middle East & North Africa,Low income,2019,20098251,24.11375,16.6,24.83333333333333,38.09375000000001,16.041666666666668,25.0
Europe & Central Asia,Upper middle income,2019,6158420,23.140833333333337,46.6,0.6333333333333333,41.7875,11.683333333333334,15.0
Middle East & North Africa,Upper middle income,2019,6569088,22.230833333333337,20.0,20.633333333333333,35.61250000000001,14.908333333333337,20.0
East Asia & Pacific,Upper middle income,2019,44728,19.52041666666667,10.0,24.1,38.71875,14.783333333333331,10.0
East Asia & Pacific,High income,2019,47321,,20.0,,19.85,,
Europe & Central Asia,High income,2019,76343,,40.0,,26.7875,,
Latin America & Caribbean,High income,2019,92117,,40.0,,46.44375,,25.0
Latin America & Caribbean,High income,2019,106442,,40.0,,17.075000000000003,,
Latin America & Caribbean,High income,2019,280180,,60.0,,50.837500000000006,,30.0
North America,High income,2019,63911,,40.0,,16.731250000000003,,
Latin America & Caribbean,High income,2019,30610,,40.0,,18.16875,,
East Asia & Pacific,High income,2019,438048,,80.0,,40.71875,,45.0
Latin America & Caribbean,High income,2019,66134,,50.0,,17.10625,,
Sub-Saharan Africa,Low income,2019,5209324,,30.0,,49.2,,20.0
Europe & Central Asia,High income,2019,169410,,40.0,,,,
Sub-Saharan Africa,Lower middle income,2019,790986,,60.0,,52.65625000000001,,30.0
Latin America & Caribbean,Upper middle income,2019,11316697,,40.0,,46.87500000000001,,
Latin America & Caribbean,High income,2019,157441,,60.0,,18.512500000000003,,
Latin America & Caribbean,Upper middle income,2019,71428,,40.0,,39.90625000000001,,35.0
Sub-Saharan Africa,Upper middle income,2019,1553031,,10.0,,44.88125,,25.0
Sub-Saharan Africa,Low income,2019,3498818,,16.6,,37.9125,,10.0
Europe & Central Asia,High income,2019,51681,,40.0,,11.39375,,
East Asia & Pacific,High income,2019,299717,,40.0,,14.1125,,
Europe & Central Asia,High income,2019,32685,,40.0,,12.943749999999998,,
Europe & Central Asia,High income,2019,56225,,50.0,,12.5375,,
Latin America & Caribbean,Upper middle income,2019,122724,,50.0,,43.1,,25.0
East Asia & Pacific,High income,2019,168624,,40.0,,15.34375,,
East Asia & Pacific,High income,2019,7507900,,60.0,,28.737499999999997,,
Europe & Central Asia,High income,2019,83933,,50.0,,10.88125,,
East Asia & Pacific,Low income,2019,25755441,,10.0,,43.09375,,
Europe & Central Asia,Upper middle income,2019,1788878,,60.0,65.99999999999999,,45.24166666666667,60.0
Europe & Central Asia,High income,2019,38482,,50.0,,24.16249999999999,,
East Asia & Pacific,High income,2019,663653,,60.0,,23.925,,
Europe & Central Asia,High income,2019,37034,,50.0,,27.387500000000003,,
East Asia & Pacific,High income,2019,12132,,20.0,,34.91875000000001,,5.0
East Asia & Pacific,High income,2019,271240,,60.0,,16.025,,
East Asia & Pacific,High income,2019,49858,,40.0,,11.281250000000002,,
East Asia & Pacific,High income,2019,17916,,50.0,,34.087500000000006,,40.0
Latin America & Caribbean,High income,2019,3193694,,60.0,,22.225,,
Europe & Central Asia,High income,2019,34178,,50.0,,21.61875,,50.0
Latin America & Caribbean,High income,2019,39648,,30.0,,9.825,,
Latin America & Caribbean,High income,2019,47712,,40.0,,28.4,,25.0
Latin America & Caribbean,High income,2019,33121,,40.0,,7.05625,,
East Asia & Pacific,Upper middle income,2019,104951,,90.0,,45.1125,,35.0
Latin America & Caribbean,High income,2019,43080,,30.0,,12.8,,
East Asia & Pacific,Upper middle income,2019,10956,,50.0,,36.60625,,5.0
Latin America & Caribbean,High income,2019,106669,,40.0,,9.9,,
Europe & Central Asia,High income,2018,5311916,89.1625,100.0,92.23333333333332,77.9125,75.66666666666667,100.0
Europe & Central Asia,High income,2018,5793636,88.76458333333332,100.0,98.7,69.13125,75.99166666666667,100.0
Europe & Central Asia,High income,2018,5515525,88.7475,100.0,94.93333333333332,76.43749999999999,72.36666666666667,100.0
Europe & Central Asia,High income,2018,10175214,88.72166666666668,100.0,94.86666666666666,76.22500000000001,72.51666666666668,100.0
Europe & Central Asia,High income,2018,17231624,88.54958333333333,100.0,98.5,71.13125,73.11666666666666,100.0
Europe & Central Asia,High income,2018,60421760,88.51791666666666,100.0,91.86666666666665,76.88125,73.84166666666667,100.0
Europe & Central Asia,High income,2018,2073894,88.34,100.0,96.93333333333332,76.67500000000001,68.09166666666667,100.0
Europe & Central Asia,High income,2018,37974750,88.22958333333332,100.0,95.09999999999998,72.98125,78.06666666666666,95.0
Europe & Central Asia,High income,2018,46797754,87.84541666666665,100.0,90.86666666666665,75.49375,77.86666666666666,95.0
Europe & Central Asia,High income,2018,8840521,87.83833333333335,100.0,91.3,76.475,71.41666666666666,100.0
Europe & Central Asia,High income,2018,82905782,87.44166666666669,100.0,96.46666666666664,70.82499999999999,74.91666666666667,95.0
East Asia & Pacific,High income,2018,126811000,87.36250000000001,100.0,90.53333333333332,72.9625,78.31666666666666,95.0
North America,High income,2018,326838199,87.24958333333332,100.0,94.0,63.08124999999999,79.16666666666666,100.0
Europe & Central Asia,High income,2018,10629928,86.88583333333335,100.0,90.1,75.3625,73.96666666666665,95.0
Europe & Central Asia,High income,2018,67158348,86.82208333333332,100.0,90.8,75.59375,67.71666666666667,100.0
Europe & Central Asia,High income,2018,1321977,86.75500000000001,100.0,93.93333333333332,70.9,68.94166666666666,100.0
North America,High income,2018,37072620,86.57083333333333,100.0,93.2,60.53750000000001,84.11666666666666,95.0
Latin America & Caribbean,Upper middle income,2018,124013861,86.43166666666667,100.0,92.93333333333332,90.625,73.6,75.0
East Asia & Pacific,High income,2018,24963258,86.36416666666666,90.0,92.66666666666666,74.6875,74.46666666666665,100.0
Europe & Central Asia,High income,2018,4867316,86.2975,100.0,94.73333333333332,75.4125,66.34166666666667,95.0
Europe & Central Asia,High income,2018,8514329,86.25916666666667,100.0,87.66666666666667,78.5875,75.04166666666667,90.0
Europe & Central Asia,Upper middle income,2018,81407204,85.99000000000001,100.0,83.99999999999999,88.675,62.275000000000006,95.0
Europe & Central Asia,High income,2018,10283822,85.95916666666668,100.0,90.76666666666668,71.2375,67.79166666666667,100.0
Europe & Central Asia,High income,2018,5446771,85.38624999999999,90.0,94.93333333333332,70.55624999999999,71.44166666666666,100.0
Europe & Central Asia,High income,2018,2801543,85.10875,100.0,91.83333333333331,63.493750000000006,70.21666666666667,100.0
Europe & Central Asia,High income,2018,9775564,84.96666666666665,100.0,86.86666666666667,69.69999999999999,68.26666666666667,100.0
East Asia & Pacific,High income,2018,51585058,84.81458333333333,100.0,93.4,76.60625,74.06666666666666,80.0
Europe & Central Asia,High income,2018,10732882,84.44708333333332,100.0,87.5,70.61874999999999,69.11666666666667,95.0
Europe & Central Asia,High income,2018,1927174,83.66916666666668,100.0,89.16666666666666,62.78750000000001,66.39166666666667,100.0
Europe & Central Asia,High income,2018,66460344,83.51958333333333,100.0,86.79999999999998,74.78125000000001,66.01666666666667,90.0
East Asia & Pacific,High income,2018,4900600,83.50000000000001,100.0,91.63333333333333,71.5,64.36666666666667,90.0
Europe & Central Asia,High income,2018,11427054,82.5275,100.0,83.93333333333332,64.1375,69.56666666666666,95.0
Europe & Central Asia,Upper middle income,2018,2836557,82.39041666666668,100.0,84.96666666666665,82.04375,59.94166666666667,85.0
Europe & Central Asia,High income,2018,7025037,82.33833333333334,100.0,90.1,62.4,69.19166666666666,90.0
Middle East & North Africa,High income,2018,8882800,81.69,100.0,85.73333333333333,59.55,68.16666666666666,95.0
Latin America & Caribbean,High income,2018,18701450,80.50458333333333,100.0,76.96666666666665,81.03125,59.525000000000006,85.0
Europe & Central Asia,High income,2018,1218831,79.88416666666667,100.0,92.26666666666664,54.6625,67.49166666666667,85.0
Europe & Central Asia,High income,2018,607950,78.86374999999998,80.0,90.43333333333332,63.94374999999999,59.94166666666666,100.0
Europe & Central Asia,Upper middle income,2018,3726549,78.78291666666667,100.0,86.46666666666667,73.98125,68.46666666666667,65.0
Europe & Central Asia,Upper middle income,2018,18276452,78.60166666666667,100.0,82.13333333333333,80.175,60.7,70.0
Europe & Central Asia,Upper middle income,2018,2866376,78.59666666666666,100.0,69.76666666666667,73.77499999999999,64.44166666666666,85.0
Europe & Central Asia,High income,2018,352721,78.29458333333332,80.0,87.79999999999998,61.10624999999998,62.56666666666667,100.0
Europe & Central Asia,High income,2018,19473970,78.16916666666667,100.0,87.16666666666666,56.68749999999999,71.99166666666666,75.0
East Asia & Pacific,High income,2018,5638676,77.93166666666667,100.0,100.0,42.975,71.68333333333334,75.0
Latin America & Caribbean,Upper middle income,2018,5040734,77.68916666666667,100.0,86.46666666666667,75.5125,71.46666666666667,55.00000000000001
Latin America & Caribbean,Upper middle income,2018,210166592,77.61333333333333,90.0,83.3,76.57499999999999,73.19166666666666,65.0
Europe & Central Asia,Lower middle income,2018,6322800,77.32458333333334,100.0,81.46666666666667,74.58125,60.575,70.0
East Asia & Pacific,Upper middle income,2018,3163991,76.79208333333334,100.0,80.0,78.36874999999999,65.59166666666665,60.0
East Asia & Pacific,Upper middle income,2018,71127802,76.69333333333334,100.0,76.46666666666665,77.45,59.54999999999999,70.0
Europe & Central Asia,Upper middle income,2018,2707203,76.62125,100.0,94.23333333333332,55.05625,63.81666666666666,70.0
Europe & Central Asia,High income,2018,145398106,76.53666666666668,93.4,83.66666666666667,60.29999999999999,65.31666666666666,80.0
Sub-Saharan Africa,Upper middle income,2018,57339635,76.24958333333333,83.39999999999999,85.5,77.98125,69.36666666666666,65.0
East Asia & Pacific,Lower middle income,2018,108568836,75.87958333333333,100.0,88.26666666666667,75.95625,80.175,35.0
Europe & Central Asia,Upper middle income,2018,9438785,75.78708333333334,100.0,79.23333333333333,66.19374999999998,53.50833333333333,80.0
Middle East & North Africa,Lower middle income,2018,103740765,75.70833333333333,100.0,76.8,79.17500000000001,62.56666666666666,60.0
Europe & Central Asia,Upper middle income,2018,6982604,75.28541666666668,100.0,67.36666666666666,72.54374999999999,61.516666666666666,75.0
Latin America & Caribbean,Upper middle income,2018,17015672,73.58041666666666,100.0,87.73333333333333,78.74374999999999,56.425,45.0
Sub-Saharan Africa,Upper middle income,2018,1265577,73.29458333333334,90.0,86.19999999999999,63.93124999999999,56.34166666666667,70.0
South Asia,Lower middle income,2018,21670000,73.09916666666668,90.0,81.03333333333333,69.0125,80.45,45.0
East Asia & Pacific,Upper middle income,2018,267066843,72.35125,100.0,87.33333333333333,75.63124999999998,43.79166666666666,55.00000000000001
Latin America & Caribbean,Upper middle income,2018,49276961,72.27541666666667,100.0,84.26666666666667,84.01874999999998,48.09166666666667,45.0
Middle East & North Africa,Lower middle income,2018,4569087,71.36791666666667,90.0,86.56666666666666,58.70625,61.56666666666667,60.0
Europe & Central Asia,Upper middle income,2018,1889051,70.80875,100.0,88.06666666666668,51.69375,59.28333333333333,55.00000000000001
Middle East & North Africa,High income,2018,484630,70.70833333333334,80.0,83.99999999999999,46.35,73.19166666666665,70.0
East Asia & Pacific,Upper middle income,2018,32399271,70.44416666666667,86.6,84.03333333333333,74.23749999999998,57.35,50.0
Europe & Central Asia,Upper middle income,2018,44690584,69.55791666666667,100.0,46.06666666666667,67.75624999999998,48.96666666666667,85.0
Latin America & Caribbean,Upper middle income,2018,6276342,69.27166666666666,90.0,79.93333333333332,75.675,50.74999999999999,50.0
Latin America & Caribbean,Upper middle income,2018,44494502,68.94291666666666,90.0,79.46666666666667,78.80624999999999,61.44166666666666,35.0
Europe & Central Asia,High income,2018,4087843,68.52166666666668,90.0,50.76666666666667,57.62499999999999,64.21666666666667,80.0
Latin America & Caribbean,Upper middle income,2018,32203944,68.27291666666666,90.0,85.76666666666665,78.63125,46.96666666666666,40.0
Europe & Central Asia,Upper middle income,2018,9939771,68.15625,80.0,64.63333333333333,61.05625,55.09166666666666,80.0
Latin America & Caribbean,High income,2018,3427042,67.80083333333334,100.0,83.89999999999999,65.03750000000001,65.06666666666668,25.0
Middle East & North Africa,Lower middle income,2018,35927511,67.19416666666666,90.0,88.39999999999999,67.3625,45.208333333333336,45.0
Europe & Central Asia,Upper middle income,2018,622227,66.74041666666668,100.0,64.26666666666667,65.71874999999999,58.71666666666666,45.0
South Asia,Lower middle income,2018,1369003306,66.07541666666667,80.0,87.96666666666665,60.21874999999999,52.191666666666656,50.0
Sub-Saharan Africa,Low income,2018,41515395,66.01166666666666,90.0,64.19999999999999,77.82499999999999,38.03333333333334,60.0
Middle East & North Africa,Lower middle income,2018,11933041,64.71833333333335,90.0,85.66666666666667,63.95000000000001,53.975,30.0
Sub-Saharan Africa,Low income,2018,12531808,64.70625,90.0,72.43333333333332,70.85624999999999,45.24166666666666,45.0
Sub-Saharan Africa,Lower middle income,2018,15574909,63.83041666666669,80.0,81.03333333333333,66.56875,51.55,40.0
Latin America & Caribbean,Upper middle income,2018,16346950,62.7925,90.0,62.1,76.9125,59.95,25.0
Latin America & Caribbean,Upper middle income,2018,10765531,62.45833333333333,100.0,65.6,63.07499999999999,33.616666666666674,50.0
Latin America & Caribbean,Lower middle income,2018,11606905,62.4025,100.0,68.53333333333333,72.46249999999999,56.01666666666667,15.0
Sub-Saharan Africa,Lower middle income,2018,30870641,62.34333333333333,90.0,61.266666666666666,65.99999999999999,54.45,40.0
South Asia,Lower middle income,2018,219731479,62.20791666666666,100.0,60.966666666666654,74.30624999999999,40.766666666666666,35.0
Latin America & Caribbean,Upper middle income,2018,6443328,61.63541666666668,90.0,63.06666666666667,76.84375,38.26666666666666,40.0
East Asia & Pacific,Lower middle income,2018,94914330,61.625,100.0,63.99999999999999,58.4,50.725,35.0
Europe & Central Asia,Upper middle income,2018,3400129,61.56000000000002,80.0,60.66666666666667,58.1,49.03333333333333,60.0
Latin America & Caribbean,Lower middle income,2018,9792850,61.07,90.0,62.36666666666666,67.97499999999998,45.00833333333333,40.0
East Asia & Pacific,Lower middle income,2018,52666014,60.60666666666666,86.6,67.06666666666666,73.07499999999999,41.29166666666666,35.0
Sub-Saharan Africa,Low income,2018,8046679,60.59916666666667,90.0,59.833333333333336,72.13749999999999,41.025,40.0
Sub-Saharan Africa,Lower middle income,2018,17835893,59.68249999999999,90.0,57.8,72.93749999999999,37.675,40.0
Middle East & North Africa,High income,2018,9140169,59.59,100.0,36.86666666666667,41.825,54.25833333333333,65.0
South Asia,Lower middle income,2018,163683958,59.020833333333336,90.0,61.59999999999999,69.56249999999999,48.94166666666667,25.0
Latin America & Caribbean,High income,2018,4165255,58.90833333333334,80.0,62.79999999999999,66.82499999999999,64.91666666666667,20.0
East Asia & Pacific,Lower middle income,2018,209701,58.567083333333336,90.0,63.5,59.71875,34.61666666666667,45.0
Sub-Saharan Africa,Lower middle income,2018,1160428,58.21208333333334,90.0,55.766666666666666,67.16875,38.125,40.0
Latin America & Caribbean,Upper middle income,2018,382066,58.172916666666666,80.0,62.26666666666667,54.50625,64.09166666666667,30.0
Sub-Saharan Africa,Lower middle income,2018,58090443,57.681250000000006,76.6,60.7,73.53125,37.575,40.0
Sub-Saharan Africa,High income,2018,96762,57.57541666666667,80.0,46.46666666666667,51.16875000000001,60.24166666666666,50.0
Sub-Saharan Africa,Lower middle income,2018,15052184,57.510000000000005,80.0,59.93333333333333,61.175,41.44166666666666,45.0
Sub-Saharan Africa,Lower middle income,2018,25076747,57.398333333333326,80.0,61.566666666666656,75.79999999999998,34.625,35.0
East Asia & Pacific,Upper middle income,2018,918996,57.30458333333333,70.0,59.5,54.80625,52.216666666666654,50.0
Sub-Saharan Africa,Lower middle income,2018,25493988,57.27833333333334,90.0,59.9,69.32499999999999,37.16666666666666,30.0
Middle East & North Africa,Upper middle income,2018,85617562,57.26208333333332,80.0,59.8,52.84375,58.66666666666666,35.0
Sub-Saharan Africa,Low income,2018,19934298,56.76000000000001,90.0,63.1,64.12500000000001,36.575,30.0
Sub-Saharan Africa,Lower middle income,2018,571202,56.55291666666668,80.0,59.33333333333333,59.03125,64.4,20.0
East Asia & Pacific,Upper middle income,2018,1402760000,56.36958333333333,83.39999999999999,46.4,60.43124999999999,36.61666666666667,55.00000000000001
Middle East & North Africa,Upper middle income,2018,41927007,56.24833333333334,80.0,60.133333333333326,51.175,59.93333333333334,30.0
Middle East & North Africa,Lower middle income,2018,10459865,56.22000000000001,80.0,47.5,69.825,68.775,15.0
Sub-Saharan Africa,Low income,2018,29423878,55.937916666666666,80.0,57.63333333333334,69.23125,37.825,35.0
Europe & Central Asia,Lower middle income,2018,9128132,55.84666666666666,90.0,31.366666666666664,64.27499999999999,43.59166666666667,50.0
Middle East & North Africa,High income,2018,4317185,55.72083333333335,80.0,66.33333333333333,50.0125,57.25833333333333,25.0
Sub-Saharan Africa,Low income,2018,18367883,55.66458333333334,90.0,61.23333333333334,68.33125,43.75833333333334,15.0
Latin America & Caribbean,Upper middle income,2018,177888,55.57541666666667,100.0,55.93333333333332,46.39375,50.55,25.0
Sub-Saharan Africa,Lower middle income,2018,2198017,55.36416666666669,80.0,63.26666666666667,55.5875,37.96666666666667,40.0
Latin America & Caribbean,Upper middle income,2018,2811835,55.320416666666674,60.0,73.73333333333333,56.26875,56.60000000000001,30.0
Sub-Saharan Africa,Upper middle income,2018,2451409,55.15041666666667,50.0,66.56666666666666,66.04375,58.141666666666666,35.0
East Asia & Pacific,Lower middle income,2018,1261845,54.94833333333333,70.0,58.23333333333333,60.45,31.058333333333337,55.00000000000001
Sub-Saharan Africa,Lower middle income,2018,49953304,54.62291666666667,70.0,60.46666666666667,68.55624999999999,34.09166666666667,40.0
Sub-Saharan Africa,Lower middle income,2018,31273533,54.57208333333333,70.0,57.3,69.99375,35.56666666666666,40.0
Sub-Saharan Africa,Low income,2018,20392723,54.513333333333335,80.0,59.566666666666656,66.475,31.525,35.0
Sub-Saharan Africa,Low income,2018,11493472,54.494166666666665,80.0,61.7,72.63749999999999,23.133333333333333,35.0
Sub-Saharan Africa,Low income,2018,111129438,54.42625,90.0,59.966666666666654,71.38124999999998,35.78333333333333,15.0
Sub-Saharan Africa,Low income,2018,2444916,54.19083333333335,80.0,61.86666666666667,64.6875,39.4,25.0
Sub-Saharan Africa,Low income,2018,7861281,53.58833333333334,90.0,65.23333333333332,64.225,28.48333333333333,20.0
Sub-Saharan Africa,Lower middle income,2018,198387623,53.24041666666668,76.6,62.4,54.86875,32.333333333333336,40.0
South Asia,Lower middle income,2018,28506712,53.21916666666666,70.0,61.33333333333333,69.68749999999999,45.075,20.0
Middle East & North Africa,High income,2018,35018133,53.125,60.0,60.73333333333333,45.9,68.99166666666666,30.0
South Asia,Lower middle income,2018,762096,52.74541666666668,70.0,59.23333333333333,68.21875,46.275,20.0
Sub-Saharan Africa,Low income,2018,22577058,52.21583333333333,70.0,61.96666666666666,63.4875,35.62499999999999,30.0
Sub-Saharan Africa,Upper middle income,2018,2405680,52.18166666666666,70.0,63.06666666666667,65.3,32.54166666666667,30.0
South Asia,Low income,2018,36686784,52.01833333333333,70.0,59.9,68.75,21.441666666666663,40.0
Sub-Saharan Africa,Lower middle income,2018,11940683,51.79958333333335,80.0,58.3,58.53125,32.16666666666667,30.0
East Asia & Pacific,Lower middle income,2018,16025238,51.50333333333332,60.0,59.2,66.975,31.34166666666667,40.0
South Asia,Upper middle income,2018,489758,51.2,70.0,29.866666666666664,64.67500000000001,51.45833333333334,40.0
Latin America & Caribbean,Lower middle income,2018,6572233,51.18083333333334,90.0,60.03333333333334,49.7125,36.15833333333334,20.0
Middle East & North Africa,High income,2018,1487340,50.95750000000001,70.0,64.26666666666667,41.6875,48.833333333333336,30.0
Latin America & Caribbean,Upper middle income,2018,593715,50.71000000000001,50.0,62.43333333333333,47.0,54.11666666666667,40.0
Sub-Saharan Africa,Low income,2018,26846541,50.6875,80.0,56.3,61.9625,25.175,30.0
Sub-Saharan Africa,Low income,2018,4889391,50.10625,100.0,28.83333333333333,56.88125000000001,34.81666666666667,30.0
Middle East & North Africa,High income,2018,4601157,49.93458333333333,70.0,44.39999999999999,44.38125,55.89166666666666,35.0
Europe & Central Asia,Lower middle income,2018,32956100,49.54291666666667,60.0,39.33333333333333,49.95625,33.425,65.0
Latin America & Caribbean,High income,2018,1504709,49.01125,60.0,60.6,44.23125,45.225,35.0
Latin America & Caribbean,High income,2018,401906,48.925833333333344,80.0,60.63333333333334,34.862500000000004,29.133333333333333,40.0
Sub-Saharan Africa,Lower middle income,2018,211344,48.80500000000001,60.0,58.06666666666666,47.12500000000001,43.83333333333333,35.0
East Asia & Pacific,Lower middle income,2018,7105006,48.548750000000005,90.0,39.96666666666666,53.89375,38.88333333333333,20.0
Middle East & North Africa,High income,2018,2766732,47.52791666666667,80.0,28.633333333333333,47.40624999999999,56.60000000000001,25.0
Latin America & Caribbean,High income,2018,785514,46.97083333333334,70.0,57.43333333333334,51.0375,31.383333333333336,25.0
Sub-Saharan Africa,Lower middle income,2018,4270712,46.28875,70.0,62.46666666666667,50.54375,23.433333333333337,25.0
Latin America & Caribbean,Upper middle income,2018,105281,45.26083333333334,30.0,62.66666666666667,47.4625,51.17499999999999,35.0
Middle East & North Africa,Lower middle income,2018,5950839,44.772916666666674,40.0,62.59999999999999,56.90625,44.35833333333333,20.0
Sub-Saharan Africa,Low income,2018,1924955,44.01666666666667,70.0,60.6,50.075,19.40833333333333,20.0
Sub-Saharan Africa,Low income,2018,41999059,42.74833333333334,53.400000000000006,57.93333333333332,62.775000000000006,24.633333333333336,15.0
East Asia & Pacific,Lower middle income,2018,659249,42.11333333333334,60.0,60.43333333333334,53.0,17.133333333333333,20.0
Latin America & Caribbean,Lower middle income,2018,11012421,41.24250000000001,60.0,53.0,50.712500000000006,22.5,20.0
Sub-Saharan Africa,Lower middle income,2018,12554864,40.80125000000001,56.60000000000001,61.4,55.93125000000001,25.075000000000003,5.0
Sub-Saharan Africa,Low income,2018,87087355,40.62625,53.400000000000006,59.6,50.25625,19.875,20.0
East Asia & Pacific,Lower middle income,2018,9329227,40.58500000000001,60.0,55.266666666666666,51.075,16.583333333333332,20.0
East Asia & Pacific,Lower middle income,2018,297298,39.16916666666667,53.400000000000006,59.133333333333326,46.4125,21.9,15.0
Middle East & North Africa,Low income,2018,30790513,39.053333333333335,80.0,25.53333333333333,43.55,21.18333333333333,25.0
Middle East & North Africa,Lower middle income,2018,1057198,37.105,50.0,60.36666666666666,40.75,14.408333333333337,20.0
Sub-Saharan Africa,Lower middle income,2018,5441062,36.321666666666665,60.0,27.933333333333337,48.225,25.45,20.0
Middle East & North Africa,Upper middle income,2018,40590700,35.48125,50.0,25.0,60.33125,12.075,30.0
Sub-Saharan Africa,Low income,2018,15604210,31.91666666666667,56.60000000000001,18.2,52.5,17.283333333333335,15.0
East Asia & Pacific,Lower middle income,2018,122261,28.117500000000007,40.0,25.766666666666666,45.93750000000001,13.883333333333333,15.0
East Asia & Pacific,Lower middle income,2018,110929,27.8675,30.0,25.63333333333333,44.86250000000001,23.841666666666665,15.0
Sub-Saharan Africa,Upper middle income,2018,2192012,27.572083333333342,40.0,23.73333333333333,40.84375000000001,13.283333333333331,20.0
Sub-Saharan Africa,Low income,2018,10395329,25.035833333333336,20.0,8.433333333333334,45.9875,20.758333333333333,30.0
Middle East & North Africa,Low income,2018,19333463,23.988750000000003,16.6,24.83333333333333,35.76875000000001,17.741666666666667,25.0
Middle East & North Africa,Upper middle income,2018,6477793,22.565833333333337,20.0,20.633333333333333,37.2875,14.908333333333337,20.0
East Asia & Pacific,Upper middle income,2018,45989,21.290416666666665,20.0,24.1,44.21874999999999,13.133333333333333,5.0
Europe & Central Asia,Upper middle income,2018,6065066,20.64708333333333,46.6,0.6333333333333333,41.01875,9.983333333333333,5.0
Sub-Saharan Africa,Low income,2018,15411094,19.67916666666667,16.6,36.03333333333333,45.7625,0.0,0.0
East Asia & Pacific,High income,2018,48424,,20.0,,19.2875,,
Europe & Central Asia,High income,2018,75013,,40.0,,26.1,,
Latin America & Caribbean,High income,2018,91626,,40.0,,52.06875,,20.0
Latin America & Caribbean,High income,2018,105962,,40.0,,18.450000000000003,,
Latin America & Caribbean,High income,2018,279688,,60.0,,50.425,,25.0
North America,High income,2018,63918,,40.0,,16.212500000000002,,
Latin America & Caribbean,High income,2018,30335,,40.0,,15.693749999999998,,
East Asia & Pacific,High income,2018,434274,,80.0,,40.05625,,40.0
Latin America & Caribbean,High income,2018,64884,,50.0,,17.299999999999997,,
Sub-Saharan Africa,Low income,2018,5094780,,30.0,,48.34375,,15.0
Europe & Central Asia,High income,2018,167259,,40.0,,,,
Sub-Saharan Africa,Lower middle income,2018,776313,,60.0,,54.61250000000001,,25.0
Latin America & Caribbean,Upper middle income,2018,11328244,,50.0,,49.26875,,
Latin America & Caribbean,High income,2018,159336,,60.0,,17.775,,
Latin America & Caribbean,Upper middle income,2018,70823,,40.0,,46.46875,,35.0
Sub-Saharan Africa,Upper middle income,2018,1502091,,10.0,,45.39375,,25.0
Sub-Saharan Africa,Low income,2018,3445374,,16.6,,37.44375000000001,,10.0
Europe & Central Asia,High income,2018,50955,,40.0,,10.71875,,
East Asia & Pacific,High income,2018,297606,,40.0,,13.881249999999998,,
Europe & Central Asia,High income,2018,32648,,40.0,,12.13125,,
Europe & Central Asia,High income,2018,56023,,50.0,,11.96875,,
Latin America & Caribbean,Upper middle income,2018,121838,,70.0,,43.73125,,25.0
East Asia & Pacific,High income,2018,168678,,40.0,,14.781250000000002,,
East Asia & Pacific,High income,2018,7452600,,60.0,,27.65625,,
Europe & Central Asia,High income,2018,83775,,50.0,,10.275,,
East Asia & Pacific,Low income,2018,25638149,,10.0,,41.25,,
Europe & Central Asia,Upper middle income,2018,1797085,,60.0,65.99999999999999,,43.54166666666666,55.00000000000001
Europe & Central Asia,High income,2018,38181,,50.0,,24.2625,,
East Asia & Pacific,High income,2018,650991,,60.0,,23.93125000000001,,
Europe & Central Asia,High income,2018,37029,,50.0,,26.64375,,
East Asia & Pacific,High income,2018,11924,,30.0,,32.56875,,5.0
East Asia & Pacific,High income,2018,271170,,60.0,,16.368750000000002,,
East Asia & Pacific,High income,2018,50304,,40.0,,10.71875,,
East Asia & Pacific,High income,2018,17864,,50.0,,37.04375000000001,,20.0
Latin America & Caribbean,High income,2018,3193354,,60.0,,22.187500000000004,,
Europe & Central Asia,High income,2018,34156,,50.0,,21.11875,,55.00000000000001
Latin America & Caribbean,High income,2018,38934,,30.0,,10.39375,,
Latin America & Caribbean,High income,2018,47761,,40.0,,32.56875000000001,,20.0
Latin America & Caribbean,High income,2018,33852,,40.0,,6.418749999999999,,
East Asia & Pacific,Upper middle income,2018,105150,,76.6,,45.48125,,35.0
Latin America & Caribbean,High income,2018,41487,,30.0,,12.968750000000002,,
East Asia & Pacific,Upper middle income,2018,10865,,30.0,,35.181250000000006,,5.0
Latin America & Caribbean,High income,2018,107001,,40.0,,9.29375,,
East Asia & Pacific,High income,2017,24592588,89.06333333333333,100.0,94.5,76.49999999999999,74.31666666666666,100.0
Europe & Central Asia,High income,2017,10057698,88.67125,100.0,95.73333333333332,75.10625000000002,72.51666666666668,100.0
Europe & Central Asia,High income,2017,5508214,88.54583333333335,100.0,96.0,76.2875,70.44166666666666,100.0
Europe & Central Asia,High income,2017,60536709,88.47041666666667,100.0,89.46666666666667,77.09375,75.79166666666667,100.0
Europe & Central Asia,High income,2017,2066388,88.30791666666667,100.0,94.26666666666664,76.63125,70.64166666666667,100.0
Latin America & Caribbean,Upper middle income,2017,122839258,87.38416666666666,100.0,94.86666666666666,90.9375,76.11666666666666,75.0
North America,High income,2017,325122128,87.10916666666665,100.0,90.56666666666666,64.83749999999999,80.14166666666667,100.0
Europe & Central Asia,High income,2017,46593236,86.78708333333334,100.0,87.6,74.64375000000001,76.69166666666666,95.0
Europe & Central Asia,High income,2017,66918020,86.52666666666669,100.0,89.16666666666666,75.6,67.86666666666666,100.0
North America,High income,2017,36545075,86.44874999999999,100.0,95.23333333333332,64.14375,77.86666666666666,95.0
Europe & Central Asia,High income,2017,8797566,86.22958333333332,100.0,86.9,74.50625,69.74166666666667,100.0
Europe & Central Asia,High income,2017,10300300,86.14375000000001,100.0,90.63333333333333,71.06875,69.01666666666667,100.0
Europe & Central Asia,High income,2017,5439232,85.67,90.0,93.03333333333332,70.8,74.51666666666667,100.0
Europe & Central Asia,High income,2017,4807388,85.64958333333334,100.0,91.2,75.55624999999999,66.49166666666666,95.0
Europe & Central Asia,High income,2017,82657002,85.56791666666666,100.0,91.06666666666663,70.15624999999999,71.61666666666666,95.0
Europe & Central Asia,High income,2017,8451840,85.25666666666667,100.0,85.96666666666665,78.85,71.46666666666667,90.0
Europe & Central Asia,Upper middle income,2017,80312698,85.20291666666668,100.0,86.13333333333333,87.60625,62.275000000000006,90.0
Europe & Central Asia,High income,2017,9787966,84.53666666666666,100.0,85.36666666666666,69.04999999999998,68.26666666666667,100.0
Europe & Central Asia,High income,2017,1942248,84.33958333333334,100.0,93.0,63.13125,65.56666666666666,100.0
Europe & Central Asia,High income,2017,10754679,83.86875,100.0,85.13333333333333,69.54374999999999,69.66666666666667,95.0
East Asia & Pacific,High income,2017,4813600,83.5525,100.0,91.83333333333331,72.2125,63.71666666666667,90.0
Europe & Central Asia,High income,2017,66058859,83.17166666666667,100.0,86.76666666666665,74.55000000000001,64.54166666666666,90.0
Europe & Central Asia,High income,2017,37974826,82.58416666666668,100.0,60.06666666666667,73.66250000000001,79.19166666666668,100.0
Middle East & North Africa,High income,2017,8713300,81.67833333333334,100.0,84.19999999999999,61.025,68.16666666666666,95.0
Europe & Central Asia,High income,2017,5276968,81.61625000000001,100.0,59.03333333333333,77.93124999999999,71.11666666666667,100.0
Europe & Central Asia,Upper middle income,2017,2851923,81.37625,100.0,85.23333333333333,81.00625,60.64166666666666,80.0
Europe & Central Asia,High income,2017,5764980,81.11791666666666,100.0,65.06666666666666,68.35624999999999,72.16666666666667,100.0
Europe & Central Asia,High income,2017,17131296,80.54625,100.0,66.03333333333332,70.35624999999999,66.34166666666667,100.0
Europe & Central Asia,High income,2017,10594438,80.47125000000001,100.0,56.833333333333336,75.48125000000002,75.04166666666667,95.0
Europe & Central Asia,Upper middle income,2017,3728004,80.25,100.0,85.73333333333333,73.6,66.91666666666667,75.0
Europe & Central Asia,High income,2017,1317384,80.18791666666667,100.0,58.86666666666667,71.63125000000001,70.44166666666666,100.0
Europe & Central Asia,Lower middle income,2017,6198200,79.46125,100.0,81.19999999999999,72.45625,58.650000000000006,85.0
Latin America & Caribbean,High income,2017,18368577,78.92166666666668,100.0,74.76666666666667,82.12500000000001,62.71666666666667,75.0
Europe & Central Asia,High income,2017,2828403,78.65083333333334,100.0,56.8,64.03750000000001,72.41666666666666,100.0
Latin America & Caribbean,Upper middle income,2017,4993842,78.58666666666667,100.0,86.76666666666665,75.19999999999999,65.96666666666667,65.0
East Asia & Pacific,High income,2017,51361911,78.50208333333335,100.0,59.3,79.14375000000001,74.06666666666666,80.0
East Asia & Pacific,High income,2017,126972000,78.39,100.0,52.43333333333333,76.02499999999999,73.49166666666666,90.0
Europe & Central Asia,High income,2017,7075947,76.75125000000001,100.0,60.93333333333333,63.53124999999999,74.29166666666667,85.0
East Asia & Pacific,Upper middle income,2017,70898202,76.25041666666667,100.0,76.13333333333333,77.06874999999998,58.04999999999999,70.0
Sub-Saharan Africa,Upper middle income,2017,56641209,75.93541666666667,83.39999999999999,83.76666666666665,79.36875,68.14166666666667,65.0
Europe & Central Asia,High income,2017,11375158,75.92208333333332,100.0,51.09999999999999,65.16875,68.34166666666665,95.0
Middle East & North Africa,Lower middle income,2017,101789386,75.57541666666665,100.0,77.36666666666666,77.94375,62.56666666666666,60.0
Europe & Central Asia,High income,2017,596336,75.01333333333334,100.0,53.1,62.55,59.41666666666666,100.0
South Asia,Lower middle income,2017,21506813,74.77541666666666,100.0,80.53333333333332,70.81875,77.525,45.0
Europe & Central Asia,High income,2017,145293260,74.69625,93.4,81.03333333333333,54.33125,64.71666666666667,80.0
Sub-Saharan Africa,Upper middle income,2017,1264887,74.6425,100.0,87.23333333333332,64.9875,55.991666666666674,65.0
East Asia & Pacific,Lower middle income,2017,106738501,74.49208333333333,100.0,90.06666666666668,72.21874999999999,80.175,30.0
Latin America & Caribbean,Upper middle income,2017,208504960,74.24666666666667,90.0,79.46666666666667,76.175,70.59166666666667,55.00000000000001
East Asia & Pacific,Upper middle income,2017,3096030,73.77208333333333,100.0,73.69999999999999,75.11874999999999,65.04166666666666,55.00000000000001
Europe & Central Asia,Upper middle income,2017,7020858,73.73708333333335,100.0,62.9,74.11874999999999,56.66666666666666,75.0
Europe & Central Asia,High income,2017,19588715,72.455,100.0,78.63333333333333,57.125,66.51666666666667,60.0
Latin America & Caribbean,Upper middle income,2017,48351671,71.9825,100.0,84.3,82.93749999999999,42.675,50.0
Europe & Central Asia,Upper middle income,2017,18037776,71.78416666666666,100.0,47.633333333333326,79.88749999999999,61.4,70.0
Europe & Central Asia,High income,2017,343400,71.72958333333335,80.0,55.89999999999999,60.48125,62.26666666666667,100.0
Latin America & Caribbean,Upper middle income,2017,16696944,71.70375,100.0,87.3,77.84375,43.375,50.0
East Asia & Pacific,Upper middle income,2017,264498852,70.78416666666668,100.0,86.26666666666667,68.91250000000001,48.74166666666667,50.0
Middle East & North Africa,High income,2017,467999,70.49625,80.0,82.13333333333333,46.53125,73.81666666666666,70.0
Europe & Central Asia,Upper middle income,2017,2755189,70.23791666666668,100.0,60.06666666666667,54.78125,61.34166666666666,75.0
Latin America & Caribbean,Upper middle income,2017,44044811,69.09583333333332,90.0,78.89999999999999,78.9625,62.61666666666667,35.0
Europe & Central Asia,Upper middle income,2017,2873457,68.65833333333335,100.0,35.9,67.375,60.016666666666666,80.0
Europe & Central Asia,Upper middle income,2017,44880758,68.58291666666668,100.0,45.766666666666666,67.20625,54.94166666666666,75.0
Latin America & Caribbean,High income,2017,3422200,68.3375,100.0,83.63333333333334,69.0625,63.99166666666667,25.0
East Asia & Pacific,High income,2017,5612253,67.99750000000002,100.0,56.86666666666667,41.0375,67.08333333333334,75.0
Sub-Saharan Africa,Low income,2017,40127085,67.96333333333334,100.0,65.13333333333333,78.25,36.43333333333334,60.0
Latin America & Caribbean,Upper middle income,2017,6266654,67.45083333333335,90.0,78.69999999999999,75.81249999999999,52.74166666666667,40.0
Europe & Central Asia,Upper middle income,2017,9458989,67.42333333333333,100.0,46.53333333333333,65.5,50.083333333333336,75.0
Europe & Central Asia,High income,2017,1208523,66.81416666666668,80.0,52.16666666666666,54.4125,67.49166666666667,80.0
Latin America & Caribbean,Upper middle income,2017,31605486,66.11833333333334,90.0,86.5,77.675,46.41666666666666,30.0
Europe & Central Asia,Upper middle income,2017,1898657,66.03625000000001,100.0,53.89999999999999,52.30625,63.975,60.0
Sub-Saharan Africa,Low income,2017,12230339,65.40166666666667,90.0,71.06666666666666,70.17500000000001,45.76666666666666,50.0
Latin America & Caribbean,Upper middle income,2017,10647244,65.075,100.0,65.53333333333333,65.69999999999999,34.141666666666666,60.0
Middle East & North Africa,Lower middle income,2017,35528115,64.00625,90.0,74.96666666666667,62.80625,42.25833333333333,50.0
South Asia,Lower middle income,2017,1354195680,63.99583333333333,70.0,86.3,60.212500000000006,53.46666666666666,50.0
Europe & Central Asia,High income,2017,4124531,63.02000000000001,70.0,47.73333333333333,58.50000000000001,63.86666666666666,75.0
Middle East & North Africa,Lower middle income,2017,4454805,62.83833333333334,90.0,46.9,60.175,62.11666666666667,55.00000000000001
Sub-Saharan Africa,Lower middle income,2017,30222262,62.67041666666668,100.0,60.66666666666667,67.64375,45.04166666666667,40.0
East Asia & Pacific,Upper middle income,2017,31975806,62.52583333333334,86.6,49.766666666666666,74.5625,56.7,45.0
Sub-Saharan Africa,Lower middle income,2017,56267032,62.47708333333334,80.0,60.2,75.44375000000001,41.741666666666674,55.00000000000001
Latin America & Caribbean,Upper middle income,2017,16087418,61.82000000000001,90.0,60.66666666666667,79.14999999999999,54.28333333333333,25.0
East Asia & Pacific,Lower middle income,2017,94033048,61.45166666666666,100.0,63.73333333333333,57.225,51.3,35.0
East Asia & Pacific,Upper middle income,2017,919019,61.328333333333326,90.0,60.2,59.225,52.216666666666654,45.0
Latin America & Caribbean,Lower middle income,2017,11435533,61.0825,100.0,66.83333333333333,71.96249999999999,51.61666666666667,15.0
Latin America & Caribbean,Lower middle income,2017,9626842,60.54291666666667,90.0,61.59999999999999,68.68124999999999,42.43333333333334,40.0
Sub-Saharan Africa,Lower middle income,2017,15157793,60.37916666666667,80.0,64.03333333333332,67.4125,50.45,40.0
Middle East & North Africa,Lower middle income,2017,11811443,59.99125000000001,90.0,78.89999999999999,60.23125,50.825,20.0
Latin America & Caribbean,Upper middle income,2017,6355404,59.744166666666665,90.0,60.36666666666666,70.63749999999999,37.71666666666667,40.0
South Asia,Lower middle income,2017,216379655,59.488333333333344,100.0,59.2,67.225,41.016666666666666,30.0
Sub-Saharan Africa,Lower middle income,2017,17298054,59.28041666666668,90.0,56.73333333333333,71.99375,37.675,40.0
South Asia,Lower middle income,2017,161793964,59.26208333333334,90.0,61.9,70.46874999999999,48.94166666666667,25.0
Sub-Saharan Africa,Low income,2017,7852795,59.11666666666666,90.0,59.03333333333334,73.27499999999999,38.275,35.0
Europe & Central Asia,Upper middle income,2017,9854033,58.375,70.0,31.133333333333336,64.85,55.89166666666666,70.0
East Asia & Pacific,Lower middle income,2017,207630,58.24541666666667,90.0,63.26666666666667,59.84375000000001,33.11666666666667,45.0
Sub-Saharan Africa,Low income,2017,17881167,57.45500000000001,90.0,61.96666666666666,72.29999999999998,43.00833333333334,20.0
Sub-Saharan Africa,Lower middle income,2017,24393181,57.04,80.0,61.7,75.25,33.25,35.0
Sub-Saharan Africa,Lower middle income,2017,48948137,56.98791666666667,80.0,60.76666666666666,69.38125,34.791666666666664,40.0
Latin America & Caribbean,Upper middle income,2017,177163,56.78791666666668,100.0,55.766666666666666,52.53124999999999,55.641666666666666,20.0
Sub-Saharan Africa,Low income,2017,108197950,56.372083333333336,90.0,58.66666666666666,76.31875,41.87500000000001,15.0
Sub-Saharan Africa,Low income,2017,21737922,56.25458333333333,90.0,60.86666666666667,63.95625,36.45,30.0
Sub-Saharan Africa,Upper middle income,2017,2401840,56.19499999999999,50.0,66.23333333333332,69.27499999999999,60.466666666666654,35.0
Sub-Saharan Africa,Lower middle income,2017,24848016,56.15500000000001,90.0,59.133333333333326,70.85000000000001,35.791666666666664,25.0
Europe & Central Asia,Upper middle income,2017,622373,55.95541666666666,70.0,61.86666666666667,61.44375,56.46666666666667,30.0
Sub-Saharan Africa,Lower middle income,2017,564954,55.91375000000001,80.0,57.03333333333334,60.74375,56.79166666666667,25.0
Europe & Central Asia,Upper middle income,2017,3440027,55.86208333333333,80.0,27.73333333333333,56.59375000000001,49.98333333333333,65.0
Sub-Saharan Africa,Low income,2017,28569441,55.72083333333334,80.0,57.36666666666667,69.4875,36.75000000000001,35.0
East Asia & Pacific,Upper middle income,2017,1396215000,55.4975,83.39999999999999,46.53333333333333,59.9875,37.56666666666667,50.0
Europe & Central Asia,Lower middle income,2017,8925525,54.94916666666667,90.0,31.866666666666667,61.4625,41.41666666666667,50.0
South Asia,Lower middle income,2017,756121,54.85500000000001,80.0,61.1,67.975,45.2,20.0
Middle East & North Africa,Lower middle income,2017,10215381,54.84208333333335,80.0,46.36666666666667,60.56875,67.275,20.0
Sub-Saharan Africa,Lower middle income,2017,193495907,54.712083333333325,86.6,61.03333333333334,55.09375,30.833333333333336,40.0
Middle East & North Africa,High income,2017,9068296,54.68000000000001,80.0,38.266666666666666,40.625,49.50833333333333,65.0
East Asia & Pacific,Lower middle income,2017,15830689,54.532916666666665,70.0,59.566666666666656,67.78124999999999,35.31666666666667,40.0
Sub-Saharan Africa,Low income,2017,11155593,54.162083333333335,80.0,59.73333333333333,74.71875,21.35833333333333,35.0
Sub-Saharan Africa,Lower middle income,2017,2170617,54.037083333333335,80.0,63.19999999999999,52.19375000000001,34.791666666666664,40.0
East Asia & Pacific,Lower middle income,2017,52288341,53.5525,86.6,32.03333333333334,73.9125,40.21666666666667,35.0
South Asia,Lower middle income,2017,28183426,53.39666666666666,70.0,60.73333333333333,71.19999999999999,45.05,20.0
Sub-Saharan Africa,High income,2017,95843,53.30833333333334,60.0,44.9,52.575,59.06666666666667,50.0
Latin America & Caribbean,High income,2017,4096063,53.28791666666668,80.0,28.766666666666666,69.40624999999999,63.26666666666667,25.0
Sub-Saharan Africa,Low income,2017,19311355,53.20291666666667,80.0,62.63333333333333,58.93125,39.45,25.0
Sub-Saharan Africa,Low income,2017,2381182,52.71958333333334,80.0,59.06666666666667,62.65625,36.875,25.0
Sub-Saharan Africa,Upper middle income,2017,2364534,52.60583333333333,70.0,59.0,71.33749999999999,32.69166666666666,30.0
Sub-Saharan Africa,Low income,2017,19835858,52.579166666666666,70.0,59.43333333333334,67.4875,30.975,35.0
Latin America & Caribbean,Upper middle income,2017,374693,51.37125,80.0,28.433333333333337,56.95625000000001,61.46666666666667,30.0
Middle East & North Africa,High income,2017,4124904,50.41666666666666,80.0,33.5,49.625,58.958333333333336,30.0
South Asia,Upper middle income,2017,472442,50.305,70.0,30.066666666666663,64.55,51.90833333333333,35.0
Sub-Saharan Africa,Low income,2017,4796631,50.17083333333333,100.0,29.2,61.16249999999999,35.49166666666667,25.0
Latin America & Caribbean,Upper middle income,2017,2808376,49.755833333333335,60.0,35.8,58.8375,59.14166666666667,35.0
Sub-Saharan Africa,Lower middle income,2017,1151390,49.353750000000005,90.0,19.3,67.46875,35.0,35.0
Middle East & North Africa,Upper middle income,2017,41136546,49.20458333333333,80.0,26.23333333333333,55.38125,59.40833333333333,25.0
Sub-Saharan Africa,Low income,2017,7677565,49.15166666666667,80.0,61.0,64.35,20.40833333333333,20.0
Middle East & North Africa,Upper middle income,2017,84505076,49.141666666666666,80.0,26.766666666666666,53.025,55.91666666666666,30.0
Middle East & North Africa,High income,2017,4541854,48.954166666666666,70.0,37.96666666666667,44.0875,52.71666666666667,40.0
Sub-Saharan Africa,Lower middle income,2017,208036,48.925,60.0,58.36666666666665,47.025000000000006,44.23333333333333,35.0
East Asia & Pacific,Lower middle income,2017,1243235,48.83875,70.0,24.066666666666663,62.41875,32.70833333333333,55.00000000000001
Sub-Saharan Africa,Lower middle income,2017,30208628,48.68958333333334,70.0,24.4,70.88124999999998,38.16666666666667,40.0
Sub-Saharan Africa,Lower middle income,2017,14751101,48.33583333333334,80.0,25.4,60.9125,40.36666666666666,35.0
Sub-Saharan Africa,Lower middle income,2017,11596779,48.000416666666666,70.0,55.56666666666666,54.49375,29.941666666666663,30.0
Latin America & Caribbean,Lower middle income,2017,6480532,47.62416666666667,90.0,26.6,59.21249999999999,37.30833333333333,25.0
Middle East & North Africa,High income,2017,2711755,47.37333333333334,80.0,28.566666666666663,47.775,55.525000000000006,25.0
East Asia & Pacific,Lower middle income,2017,6997917,46.01041666666666,80.0,40.9,55.16875,38.98333333333333,15.0
Middle East & North Africa,High income,2017,34193122,45.22666666666667,60.0,26.166666666666664,46.575,63.39166666666666,30.0
Middle East & North Africa,High income,2017,1456834,44.80833333333333,70.0,30.933333333333337,40.925,47.18333333333333,35.0
South Asia,Low income,2017,35643418,44.751250000000006,70.0,24.03333333333333,70.43125,19.291666666666664,40.0
Sub-Saharan Africa,Lower middle income,2017,4160015,44.45458333333334,90.0,28.33333333333333,51.58125,22.35833333333333,30.0
Latin America & Caribbean,Upper middle income,2017,587559,43.79625000000001,50.0,28.433333333333337,43.181250000000006,52.366666666666674,45.0
Middle East & North Africa,Low income,2017,30034389,42.934583333333336,90.0,25.53333333333333,51.25625,22.883333333333333,25.0
Sub-Saharan Africa,Lower middle income,2017,12240789,42.6575,70.0,61.99999999999999,52.8625,23.425,5.0
Europe & Central Asia,Lower middle income,2017,32388600,42.625,60.0,5.9,52.225,30.0,65.0
Sub-Saharan Africa,Low income,2017,26169542,42.52333333333333,90.0,18.3,58.45,15.866666666666667,30.0
Latin America & Caribbean,High income,2017,1478607,41.83083333333333,60.0,28.566666666666663,44.7375,45.85,30.0
Latin America & Caribbean,Upper middle income,2017,105549,41.63125,50.0,25.7,49.10625,48.35,35.0
Sub-Saharan Africa,Lower middle income,2017,5312340,41.28833333333334,80.0,27.700000000000003,49.125,29.616666666666667,20.0
Sub-Saharan Africa,Low income,2017,1879826,41.075,60.0,61.06666666666667,50.975,13.333333333333334,20.0
Latin America & Caribbean,Lower middle income,2017,10863543,40.66499999999999,90.0,20.8,50.025,22.5,20.0
East Asia & Pacific,Lower middle income,2017,290239,40.17750000000001,46.6,59.43333333333334,51.68750000000001,28.166666666666668,15.0
Latin America & Caribbean,High income,2017,399020,38.70333333333333,80.0,26.33333333333333,34.7,27.48333333333333,25.0
Middle East & North Africa,Upper middle income,2017,39621162,37.70666666666667,60.0,24.866666666666664,49.075,14.591666666666669,40.0
Middle East & North Africa,Lower middle income,2017,6109252,37.24458333333334,40.0,28.23333333333333,58.08125,44.90833333333333,15.0
Latin America & Caribbean,High income,2017,763252,37.2125,50.0,23.966666666666665,59.06250000000001,28.03333333333333,25.0
Sub-Saharan Africa,Low income,2017,84283273,36.79125,73.4,24.7,53.20625,17.65,15.0
East Asia & Pacific,Lower middle income,2017,643634,36.27625000000001,60.0,26.566666666666663,58.23125000000001,16.583333333333332,20.0
Sub-Saharan Africa,Low income,2017,40679828,34.31875000000001,53.400000000000006,21.266666666666666,62.89374999999999,19.03333333333333,15.0
East Asia & Pacific,Lower middle income,2017,9114796,32.725,60.0,22.366666666666664,49.125,17.133333333333333,15.0
Sub-Saharan Africa,Low income,2017,15085884,31.71666666666666,60.0,18.2,51.45000000000001,13.933333333333334,15.0
Middle East & North Africa,Lower middle income,2017,1040233,29.873333333333346,50.0,26.43333333333333,41.87500000000001,16.058333333333334,15.0
East Asia & Pacific,Lower middle income,2017,120362,28.370000000000005,40.0,25.766666666666666,47.20000000000001,13.883333333333333,15.0
Sub-Saharan Africa,Upper middle income,2017,2140215,27.99833333333333,40.0,23.73333333333333,42.425,13.833333333333334,20.0
East Asia & Pacific,Lower middle income,2017,110430,27.70458333333333,30.0,24.1,45.60625,23.816666666666663,15.0
Middle East & North Africa,Upper middle income,2017,6378261,26.727500000000003,40.0,19.466666666666665,37.9875,16.183333333333334,20.0
Middle East & North Africa,Low income,2017,18983373,24.107916666666668,16.6,22.366666666666664,38.15625000000001,18.416666666666668,25.0
Sub-Saharan Africa,Low income,2017,10658226,23.620833333333337,20.0,8.433333333333334,45.1625,19.508333333333333,25.0
Europe & Central Asia,Upper middle income,2017,5968383,22.215,46.6,6.066666666666666,42.875,10.533333333333331,5.0
East Asia & Pacific,Upper middle income,2017,47187,20.89208333333333,20.0,25.13333333333333,44.14375,15.183333333333332,0.0
Sub-Saharan Africa,Low income,2017,14864221,11.769583333333332,16.6,2.0666666666666664,40.18125,0.0,0.0
East Asia & Pacific,High income,2017,49463,,20.0,,18.393750000000004,,
Europe & Central Asia,High income,2017,73837,,40.0,,25.8875,,
Latin America & Caribbean,High income,2017,91119,,20.0,,52.73125000000001,,20.0
Latin America & Caribbean,High income,2017,105439,,40.0,,19.18125,,
Latin America & Caribbean,High income,2017,279187,,60.0,,45.3875,,25.0
North America,High income,2017,63873,,40.0,,18.2125,,
Latin America & Caribbean,High income,2017,30060,,40.0,,15.43125,,
East Asia & Pacific,High income,2017,430276,,80.0,,40.29375,,35.0
Latin America & Caribbean,High income,2017,63581,,50.0,,16.85,,
Sub-Saharan Africa,Low income,2017,4996741,,30.0,,46.65,,15.0
Europe & Central Asia,High income,2017,165215,,40.0,,,,
Sub-Saharan Africa,Lower middle income,2017,761664,,60.0,,54.8875,,20.0
Latin America & Caribbean,Upper middle income,2017,11336405,,50.0,,48.69375,,
Latin America & Caribbean,High income,2017,160175,,60.0,,15.075,,
Latin America & Caribbean,Upper middle income,2017,70403,,40.0,,46.33125,,35.0
Sub-Saharan Africa,Upper middle income,2017,1450694,,10.0,,45.84375000000001,,20.0
Sub-Saharan Africa,Low income,2017,3396933,,16.6,,39.3,,10.0
Europe & Central Asia,High income,2017,50230,,40.0,,10.54375,,
East Asia & Pacific,High income,2017,295450,,50.0,,13.5875,,
Europe & Central Asia,High income,2017,32602,,40.0,,11.91875,,
Europe & Central Asia,High income,2017,56172,,50.0,,11.875,,
Latin America & Caribbean,Upper middle income,2017,120921,,70.0,,44.04375,,20.0
East Asia & Pacific,High income,2017,168606,,40.0,,13.99375,,
East Asia & Pacific,High income,2017,7393200,,60.0,,29.925,,
Europe & Central Asia,High income,2017,83580,,50.0,,9.9,,
East Asia & Pacific,Low income,2017,25516321,,10.0,,41.3,,
Europe & Central Asia,Upper middle income,2017,1791003,,60.0,31.366666666666664,,40.46666666666667,55.00000000000001
Europe & Central Asia,High income,2017,37889,,50.0,,23.06875,,
East Asia & Pacific,High income,2017,638609,,60.0,,23.987500000000004,,
Europe & Central Asia,High income,2017,37044,,50.0,,26.23125,,
East Asia & Pacific,High income,2017,11682,,30.0,,35.91875,,10.0
East Asia & Pacific,High income,2017,270810,,60.0,,15.50625,,
East Asia & Pacific,High income,2017,50729,,40.0,,9.825,,
East Asia & Pacific,High income,2017,17837,,50.0,,36.9375,,15.0
Latin America & Caribbean,High income,2017,3325286,,60.0,,22.88125,,
Europe & Central Asia,High income,2017,34056,,50.0,,18.26875,,55.00000000000001
Latin America & Caribbean,High income,2017,38615,,30.0,,10.01875,,
Latin America & Caribbean,High income,2017,47785,,40.0,,41.95625,,20.0
Latin America & Caribbean,High income,2017,34496,,40.0,,5.85625,,
East Asia & Pacific,Upper middle income,2017,105415,,70.0,,45.25625000000001,,35.0
Latin America & Caribbean,High income,2017,39844,,30.0,,11.86875,,
East Asia & Pacific,Upper middle income,2017,10828,,50.0,,34.2625,,5.0
Latin America & Caribbean,High income,2017,107281,,40.0,,8.78125,,
Europe & Central Asia,High income,2016,60627498,88.62416666666665,100.0,93.46666666666664,71.08749999999999,78.56666666666668,100.0
Europe & Central Asia,High income,2016,9923085,88.02958333333333,100.0,97.09999999999998,70.80624999999999,72.24166666666667,100.0
North America,High income,2016,323071755,87.97,100.0,91.53333333333332,64.05,84.26666666666667,100.0
Europe & Central Asia,High income,2016,5495303,87.46125,100.0,92.33333333333331,70.55624999999999,74.41666666666666,100.0
East Asia & Pacific,High income,2016,24190907,87.41666666666666,100.0,89.26666666666665,69.525,78.29166666666666,100.0
Europe & Central Asia,High income,2016,2065042,86.86625000000001,100.0,91.13333333333333,70.23125,72.96666666666667,100.0
Europe & Central Asia,High income,2016,8736668,86.32208333333334,100.0,90.5,69.19375,71.91666666666667,100.0
North America,High income,2016,36110803,86.27958333333335,100.0,95.09999999999998,59.20625000000002,82.09166666666667,95.0
Europe & Central Asia,High income,2016,46484062,86.09083333333334,100.0,90.9,69.36250000000001,75.19166666666666,95.0
Europe & Central Asia,High income,2016,10325452,85.67500000000001,100.0,91.63333333333333,64.275,72.46666666666667,100.0
Europe & Central Asia,High income,2016,82348669,84.90666666666667,100.0,90.66666666666666,66.07499999999999,72.79166666666667,95.0
Europe & Central Asia,High income,2016,66724104,84.88041666666666,100.0,83.36666666666666,70.89374999999998,70.14166666666667,100.0
Europe & Central Asia,High income,2016,8373338,84.39125,100.0,86.83333333333331,71.88125,73.24166666666667,90.0
Europe & Central Asia,High income,2016,4755335,83.93041666666667,100.0,89.26666666666665,67.96875,67.41666666666667,95.0
Europe & Central Asia,High income,2016,1959537,83.88208333333334,100.0,91.4,54.06875,73.94166666666668,100.0
Europe & Central Asia,High income,2016,9814023,83.75166666666667,100.0,85.56666666666666,60.925,72.26666666666667,100.0
Europe & Central Asia,High income,2016,10775971,82.54916666666668,100.0,83.26666666666667,63.1375,71.34166666666667,95.0
Europe & Central Asia,High income,2016,5430798,82.20208333333335,90.0,82.69999999999999,63.11875,75.19166666666666,100.0
Europe & Central Asia,High income,2016,65611593,82.05666666666667,100.0,84.96666666666665,69.55,65.76666666666667,90.0
Europe & Central Asia,High income,2016,37970087,81.71958333333333,100.0,60.0,66.85624999999999,81.74166666666667,100.0
Europe & Central Asia,Upper middle income,2016,79277962,80.64541666666668,100.0,80.93333333333332,81.01875000000001,66.275,75.0
Europe & Central Asia,High income,2016,1315790,80.59458333333333,100.0,59.5,64.00625,79.46666666666667,100.0
Europe & Central Asia,Lower middle income,2016,6079500,80.42416666666666,100.0,83.93333333333332,72.5375,60.650000000000006,85.0
Europe & Central Asia,High income,2016,10566332,80.00250000000001,100.0,61.33333333333333,70.1875,78.49166666666667,90.0
Latin America & Caribbean,High income,2016,18083879,79.68125,100.0,81.03333333333333,76.13125000000001,66.24166666666666,75.0
Europe & Central Asia,High income,2016,5728010,79.63833333333335,100.0,62.9,63.22500000000001,72.06666666666666,100.0
Europe & Central Asia,Upper middle income,2016,2865835,79.07166666666666,100.0,84.46666666666667,75.64999999999999,60.24166666666666,75.0
Latin America & Caribbean,Upper middle income,2016,121519221,79.01750000000001,100.0,93.23333333333332,82.3125,69.54166666666667,50.0
East Asia & Pacific,High income,2016,4714100,78.96291666666667,100.0,91.76666666666668,62.20625,65.84166666666667,75.0
Europe & Central Asia,High income,2016,2868231,78.56916666666666,100.0,57.56666666666666,55.5125,79.76666666666667,100.0
Europe & Central Asia,High income,2016,17030314,78.47416666666666,100.0,61.66666666666667,63.26250000000001,67.44166666666666,100.0
Europe & Central Asia,High income,2016,5234519,77.82208333333334,100.0,62.59999999999999,66.09375,70.41666666666667,90.0
East Asia & Pacific,Upper middle income,2016,70607037,77.69208333333334,100.0,79.26666666666667,76.71874999999999,62.475,70.0
Middle East & North Africa,High income,2016,8546000,77.38000000000001,100.0,81.86666666666666,52.37500000000001,57.65833333333333,95.0
Europe & Central Asia,Upper middle income,2016,3727505,77.045,90.0,84.33333333333333,64.9,70.99166666666666,75.0
East Asia & Pacific,High income,2016,127076000,76.44833333333334,100.0,52.49999999999999,68.19999999999999,71.54166666666666,90.0
Middle East & North Africa,Lower middle income,2016,99784030,76.26958333333333,100.0,77.49999999999999,79.85624999999999,63.99166666666666,60.0
East Asia & Pacific,High income,2016,51217803,76.16708333333332,100.0,53.400000000000006,71.64375,75.79166666666666,80.0
Sub-Saharan Africa,Upper middle income,2016,56422274,76.15208333333334,83.39999999999999,85.19999999999999,78.41874999999999,68.74166666666667,65.0
Europe & Central Asia,High income,2016,11331422,75.2925,100.0,53.13333333333333,60.4125,67.91666666666666,95.0
Europe & Central Asia,High income,2016,7127822,75.01375000000002,100.0,52.53333333333333,64.31875000000001,73.21666666666667,85.0
Latin America & Caribbean,Upper middle income,2016,206859578,74.27708333333334,90.0,80.6,74.84375,70.94166666666666,55.00000000000001
Middle East & North Africa,High income,2016,455356,74.07041666666667,100.0,80.96666666666665,44.61875,74.76666666666667,70.0
Sub-Saharan Africa,Upper middle income,2016,1263747,73.73083333333334,90.0,85.6,65.83749999999999,57.21666666666667,70.0
South Asia,Lower middle income,2016,21425494,73.56083333333333,100.0,81.26666666666667,71.0375,80.5,35.0
East Asia & Pacific,Lower middle income,2016,104875266,73.24374999999999,100.0,79.4,68.86874999999999,82.95,35.0
Latin America & Caribbean,Upper middle income,2016,4945205,72.69624999999999,100.0,72.13333333333333,73.98125,67.36666666666667,50.0
Europe & Central Asia,Upper middle income,2016,2803186,72.2125,100.0,54.93333333333334,59.41249999999999,61.71666666666666,85.0
Europe & Central Asia,High income,2016,145015460,71.92083333333333,80.0,83.39999999999999,55.6625,65.54166666666667,75.0
Latin America & Caribbean,Upper middle income,2016,47625955,71.59,100.0,79.63333333333334,81.425,46.891666666666666,50.0
Latin America & Caribbean,Upper middle income,2016,16439585,71.03958333333334,100.0,86.46666666666667,72.05624999999999,46.675,50.0
Europe & Central Asia,Upper middle income,2016,17794055,71.00625,100.0,45.73333333333333,71.55624999999999,67.74166666666666,70.0
Europe & Central Asia,High income,2016,335439,69.47166666666666,80.0,49.56666666666666,54.75,63.04166666666667,100.0
East Asia & Pacific,Upper middle income,2016,261850182,68.89458333333333,100.0,76.89999999999999,67.58125,44.99166666666667,55.00000000000001
Europe & Central Asia,Upper middle income,2016,7058322,68.77416666666667,100.0,52.366666666666674,67.51249999999999,58.99166666666667,65.0
Europe & Central Asia,High income,2016,582014,68.74416666666667,80.0,49.06666666666666,53.8875,60.76666666666666,100.0
East Asia & Pacific,Upper middle income,2016,3029555,67.84166666666665,100.0,54.46666666666666,73.55,66.19166666666668,45.0
Europe & Central Asia,Upper middle income,2016,9469379,67.74791666666667,100.0,45.6,66.53125,46.60833333333333,80.0
Europe & Central Asia,Upper middle income,2016,45038236,67.67458333333335,100.0,43.89999999999999,69.63125,54.84166666666667,70.0
South Asia,Lower middle income,2016,1338636340,66.71875,90.0,85.73333333333333,63.84375000000001,44.016666666666666,50.0
Europe & Central Asia,High income,2016,1197881,66.51458333333335,80.0,49.1,53.90625,69.56666666666666,80.0
Europe & Central Asia,High income,2016,4174349,66.43333333333334,90.0,51.5,48.35,67.31666666666666,75.0
Latin America & Caribbean,Upper middle income,2016,6250510,66.36958333333334,90.0,72.89999999999999,74.68124999999999,54.266666666666666,40.0
Latin America & Caribbean,High income,2016,3413766,65.53250000000001,100.0,74.43333333333332,63.06250000000001,65.16666666666667,25.0
Latin America & Caribbean,Upper middle income,2016,43590368,65.46833333333333,70.0,75.6,79.825,66.91666666666667,35.0
East Asia & Pacific,High income,2016,5607283,65.27708333333334,100.0,48.03333333333333,40.94375,62.40833333333333,75.0
Europe & Central Asia,Upper middle income,2016,2876101,64.90500000000002,100.0,18.133333333333333,63.1,63.29166666666666,80.0
Sub-Saharan Africa,Low income,2016,38748299,62.931250000000006,90.0,45.49999999999999,70.93125,43.225,65.0
Latin America & Caribbean,Upper middle income,2016,31132779,62.89375000000001,90.0,76.13333333333333,70.61874999999999,47.71666666666666,30.0
Europe & Central Asia,Upper middle income,2016,1906313,62.607083333333335,100.0,52.46666666666666,51.31875,64.25,45.0
Latin America & Caribbean,Upper middle income,2016,10527592,62.501666666666665,100.0,48.66666666666666,65.875,37.96666666666667,60.0
Middle East & North Africa,Lower middle income,2016,11685667,62.07749999999999,90.0,82.89999999999999,62.98749999999998,54.49999999999999,20.0
East Asia & Pacific,Upper middle income,2016,31526418,61.34041666666666,86.6,46.23333333333333,72.91874999999999,55.95,45.0
Sub-Saharan Africa,Lower middle income,2016,54401802,61.245833333333344,90.0,41.8,75.1125,44.31666666666666,55.00000000000001
Middle East & North Africa,Lower middle income,2016,35107264,60.351666666666674,90.0,73.6,62.24999999999999,45.90833333333333,30.0
Sub-Saharan Africa,Lower middle income,2016,29554303,59.3425,100.0,40.23333333333333,66.21249999999999,45.266666666666666,45.0
Latin America & Caribbean,Upper middle income,2016,15827690,58.51333333333334,90.0,42.13333333333333,77.125,58.30833333333333,25.0
Latin America & Caribbean,Lower middle income,2016,9460798,58.21125000000001,90.0,41.06666666666666,74.60625,45.38333333333333,40.0
Latin America & Caribbean,Lower middle income,2016,11263015,57.44416666666668,100.0,46.266666666666666,70.88749999999999,55.06666666666666,15.0
Latin America & Caribbean,Upper middle income,2016,6266615,57.02041666666666,90.0,43.16666666666666,68.51875,38.41666666666666,45.0
South Asia,Lower middle income,2016,159784568,56.8175,83.39999999999999,43.03333333333333,72.21249999999998,50.44166666666666,35.0
Europe & Central Asia,Upper middle income,2016,622303,56.59333333333334,90.0,44.7,59.9,58.36666666666667,30.0
South Asia,Lower middle income,2016,213524840,56.58333333333333,100.0,43.06666666666666,64.75,40.1,35.0
Sub-Saharan Africa,Low income,2016,11930899,56.45625000000001,80.0,56.03333333333333,66.23124999999999,40.016666666666666,40.0
Middle East & North Africa,Lower middle income,2016,9964656,56.18583333333335,80.0,46.766666666666666,64.51249999999999,69.65,20.0
Sub-Saharan Africa,Lower middle income,2016,188666931,56.11708333333334,100.0,45.9,53.86875000000001,40.81666666666667,40.0
Latin America & Caribbean,Upper middle income,2016,176413,55.915000000000006,100.0,40.53333333333333,56.87500000000001,57.16666666666666,25.0
East Asia & Pacific,Lower middle income,2016,93126529,55.708333333333336,100.0,45.56666666666666,56.625,51.35000000000001,25.0
Sub-Saharan Africa,Lower middle income,2016,47894670,55.57666666666666,80.0,49.86666666666667,68.77499999999999,34.24166666666667,45.0
Sub-Saharan Africa,Low income,2016,17405624,55.46583333333335,90.0,46.36666666666667,72.28749999999998,48.675,20.0
Europe & Central Asia,Upper middle income,2016,3480986,55.37708333333333,90.0,10.733333333333334,59.46875,51.68333333333332,65.0
Sub-Saharan Africa,Lower middle income,2016,14751356,55.07916666666668,90.0,45.83333333333333,62.712500000000006,46.85,30.0
East Asia & Pacific,Upper middle income,2016,918371,54.81625000000001,90.0,40.833333333333336,59.75625,53.49166666666666,30.0
East Asia & Pacific,Upper middle income,2016,1387790000,53.96625,83.39999999999999,48.53333333333333,58.90624999999999,33.99166666666667,45.0
Sub-Saharan Africa,Low income,2016,20921743,53.62791666666666,100.0,42.333333333333336,67.90624999999999,32.9,25.0
Sub-Saharan Africa,Lower middle income,2016,16767761,53.2475,80.0,39.49999999999999,67.6875,39.05,40.0
Sub-Saharan Africa,Lower middle income,2016,558394,53.01250000000001,80.0,45.23333333333333,59.26250000000001,55.56666666666668,25.0
Sub-Saharan Africa,Lower middle income,2016,23711630,52.99666666666667,80.0,47.43333333333333,69.37499999999999,33.175000000000004,35.0
East Asia & Pacific,Lower middle income,2016,205544,52.83583333333334,90.0,44.39999999999999,56.93750000000001,27.841666666666665,45.0
Sub-Saharan Africa,Low income,2016,27696493,52.00208333333334,80.0,42.16666666666666,63.29375,39.55,35.0
Europe & Central Asia,Upper middle income,2016,9757812,51.798750000000005,70.0,13.73333333333333,59.81875,55.441666666666656,60.0
East Asia & Pacific,Lower middle income,2016,15624584,51.45625,70.0,40.13333333333333,71.80624999999999,35.34166666666667,40.0
Sub-Saharan Africa,Low income,2016,105293228,51.31875,90.0,40.4,70.26875,40.925,15.0
Sub-Saharan Africa,Lower middle income,2016,24213622,50.91666666666666,90.0,41.56666666666666,71.975,36.04166666666666,15.0
Latin America & Caribbean,Upper middle income,2016,2802695,50.695416666666674,80.0,5.866666666666667,62.41875,60.19166666666666,45.0
Latin America & Caribbean,High income,2016,4026336,50.26416666666667,80.0,13.366666666666664,68.8625,64.09166666666665,25.0
Europe & Central Asia,Lower middle income,2016,8725318,50.21958333333334,90.0,12.599999999999998,56.056250000000006,42.44166666666666,50.0
Sub-Saharan Africa,Low income,2016,10903327,50.135,80.0,44.36666666666667,68.6,22.708333333333336,35.0
South Asia,Upper middle income,2016,454252,49.804166666666674,70.0,42.5,48.962500000000006,52.55833333333334,35.0
Sub-Saharan Africa,Low income,2016,7661354,49.70833333333334,80.0,45.3,67.85,30.391666666666666,25.0
Middle East & North Africa,Upper middle income,2016,83306231,49.67875000000001,100.0,8.433333333333334,51.21875,58.74166666666666,30.0
Sub-Saharan Africa,Upper middle income,2016,2323352,49.53708333333333,70.0,43.3,70.94375000000001,33.44166666666667,30.0
Sub-Saharan Africa,Low income,2016,18700106,49.34791666666667,80.0,48.93333333333333,59.45625,43.35000000000001,15.0
Sub-Saharan Africa,Upper middle income,2016,2352416,49.251250000000006,56.60000000000001,43.53333333333333,62.25625,53.866666666666674,30.0
Sub-Saharan Africa,Low income,2016,19275498,49.127500000000005,70.0,42.03333333333333,65.8375,42.766666666666666,25.0
Sub-Saharan Africa,Lower middle income,2016,2143872,48.69875,80.0,43.63333333333333,50.06875000000001,34.791666666666664,35.0
Sub-Saharan Africa,Low income,2016,2317206,48.52875,80.0,38.4,59.74375,39.49999999999999,25.0
Latin America & Caribbean,Upper middle income,2016,367313,47.71583333333333,80.0,9.7,56.1875,62.691666666666656,30.0
South Asia,Lower middle income,2016,27861186,47.56833333333334,60.0,42.766666666666666,67.89999999999999,42.175,25.0
Latin America & Caribbean,Lower middle income,2016,6389235,47.51791666666667,90.0,12.7,66.93125,37.958333333333336,30.0
Sub-Saharan Africa,Lower middle income,2016,11260085,47.49041666666667,90.0,40.56666666666666,53.86875000000001,33.016666666666666,20.0
Sub-Saharan Africa,Lower middle income,2016,29154746,47.39541666666668,80.0,7.666666666666666,70.44375000000001,38.866666666666674,40.0
South Asia,Lower middle income,2016,749761,47.16791666666666,70.0,48.133333333333326,62.33125,35.375,20.0
Middle East & North Africa,High income,2016,8994263,47.04333333333334,80.0,10.633333333333333,38.45,51.13333333333333,55.00000000000001
Sub-Saharan Africa,Lower middle income,2016,1142524,45.87125,90.0,2.0,67.35624999999999,35.0,35.0
Sub-Saharan Africa,Lower middle income,2016,204632,45.595,60.0,45.766666666666666,46.825,45.38333333333333,30.0
Sub-Saharan Africa,Low income,2016,7493913,45.587916666666665,80.0,42.29999999999999,57.83125,22.808333333333337,25.0
Middle East & North Africa,High income,2016,4048085,45.540000000000006,80.0,12.366666666666664,49.2,56.13333333333333,30.0
Middle East & North Africa,Upper middle income,2016,40339329,45.06041666666667,80.0,6.5,56.39375,57.40833333333334,25.0
Middle East & North Africa,High income,2016,2595166,44.81625000000001,80.0,9.3,48.38125,56.400000000000006,30.0
Sub-Saharan Africa,Low income,2016,4706097,44.596250000000005,90.0,12.433333333333332,60.50625,35.041666666666664,25.0
East Asia & Pacific,Lower middle income,2016,51892349,43.42,66.60000000000001,11.933333333333332,71.94999999999999,36.61666666666667,30.0
East Asia & Pacific,Lower middle income,2016,6891363,42.84541666666667,60.0,42.43333333333334,58.81875,42.975,10.0
Middle East & North Africa,High income,2016,1409661,42.49875,70.0,14.266666666666666,39.39375,48.833333333333336,40.0
Sub-Saharan Africa,Lower middle income,2016,5186824,42.33208333333334,90.0,8.7,52.39375,30.566666666666663,30.0
Middle East & North Africa,High income,2016,4398070,41.24333333333334,70.0,17.0,43.3,40.91666666666667,35.0
Sub-Saharan Africa,Lower middle income,2016,14452704,40.97458333333333,70.0,7.5,50.98125,41.39166666666666,35.0
Sub-Saharan Africa,Lower middle income,2016,11930985,40.69875,70.0,47.1,55.81875000000001,25.575000000000003,5.0
Middle East & North Africa,High income,2016,33416270,40.69875,60.0,7.633333333333334,44.51875,61.34166666666667,30.0
Sub-Saharan Africa,Lower middle income,2016,4051890,40.524166666666666,90.0,10.6,51.7875,20.23333333333333,30.0
Sub-Saharan Africa,Low income,2016,25501941,39.552083333333336,90.0,1.1,60.79375,15.866666666666667,30.0
South Asia,Low income,2016,34636207,39.39625,70.0,6.7333333333333325,54.80625000000001,25.441666666666663,40.0
Latin America & Caribbean,Upper middle income,2016,105963,39.17875,50.0,5.8,49.993750000000006,50.1,40.0
Middle East & North Africa,Low income,2016,29274002,38.42875000000001,76.6,8.866666666666667,52.14375,24.53333333333333,30.0
Latin America & Caribbean,Upper middle income,2016,581453,38.18625000000001,40.0,13.533333333333331,42.38125,50.016666666666666,45.0
Latin America & Caribbean,High income,2016,759087,38.056666666666665,60.0,9.9,56.15,29.23333333333333,35.0
Sub-Saharan Africa,Low income,2016,39377169,37.87041666666667,73.4,13.9,62.19375,24.85833333333333,15.0
East Asia & Pacific,Lower middle income,2016,283218,37.81166666666668,46.6,40.766666666666666,51.6,30.091666666666665,20.0
Latin America & Caribbean,High income,2016,1469330,36.927083333333336,60.0,5.866666666666667,41.26875,47.5,30.0
Europe & Central Asia,Lower middle income,2016,31847900,36.73125,60.0,4.1,48.33125,31.225,40.0
Latin America & Caribbean,High income,2016,395976,36.70208333333333,80.0,8.233333333333333,33.818749999999994,26.45833333333333,35.0
Middle East & North Africa,Upper middle income,2016,38697943,36.46416666666667,60.0,8.866666666666667,55.1625,18.291666666666668,40.0
Latin America & Caribbean,Lower middle income,2016,10713849,36.18666666666668,90.0,1.7333333333333332,50.000000000000014,19.2,20.0
East Asia & Pacific,Lower middle income,2016,628102,33.043333333333344,56.60000000000001,7.033333333333333,55.750000000000014,20.83333333333333,25.0
Middle East & North Africa,Lower middle income,2016,6258619,32.41291666666667,40.0,8.5,53.25625000000001,45.30833333333333,15.0
Sub-Saharan Africa,Low income,2016,1834552,32.347500000000004,46.6,45.46666666666667,43.4625,16.208333333333332,10.0
Sub-Saharan Africa,Low income,2016,11066105,30.445,20.0,41.266666666666666,44.075,21.883333333333333,25.0
Sub-Saharan Africa,Low income,2016,14592585,28.502916666666668,46.6,8.9,51.10625000000001,20.90833333333333,15.0
East Asia & Pacific,Lower middle income,2016,118513,28.059583333333336,50.0,7.933333333333333,46.15625,16.208333333333332,20.0
East Asia & Pacific,Lower middle income,2016,8899169,26.965416666666663,50.0,4.0,47.21875000000001,18.60833333333333,15.0
East Asia & Pacific,Lower middle income,2016,109925,24.7825,30.0,8.133333333333333,43.9375,26.841666666666665,15.0
Middle East & North Africa,Lower middle income,2016,1023261,23.963750000000005,40.0,8.166666666666666,49.71875,16.93333333333333,5.0
Middle East & North Africa,Upper middle income,2016,6282196,23.44166666666667,40.0,0.3333333333333333,36.95,19.925,20.0
Sub-Saharan Africa,Upper middle income,2016,2086206,23.19875,26.6,6.566666666666666,47.79375,15.033333333333331,20.0
Europe & Central Asia,Upper middle income,2016,5868561,23.163333333333338,46.6,6.833333333333333,41.925,15.458333333333332,5.0
East Asia & Pacific,Upper middle income,2016,48329,14.577500000000002,10.0,6.466666666666667,39.53750000000001,16.883333333333333,0.0
East Asia & Pacific,High income,2016,50448,,20.0,,17.75625,,
Europe & Central Asia,High income,2016,72540,,40.0,,26.10625,,
Latin America & Caribbean,High income,2016,90564,,20.0,,52.08125,,25.0
Latin America & Caribbean,High income,2016,104874,,60.0,,18.375,,
Latin America & Caribbean,High income,2016,278649,,60.0,,49.55,,25.0
North America,High income,2016,64554,,40.0,,18.90625,,
Latin America & Caribbean,High income,2016,29739,,40.0,,14.656249999999998,,
East Asia & Pacific,High income,2016,425994,,80.0,,38.59375,,30.0
Latin America & Caribbean,High income,2016,62255,,50.0,,16.1,,
Sub-Saharan Africa,Low income,2016,4904177,,30.0,,46.46875,,15.0
Europe & Central Asia,High income,2016,163721,,40.0,,,,
Sub-Saharan Africa,Lower middle income,2016,746232,,60.0,,54.493750000000006,,20.0
Sub-Saharan Africa,Low income,2016,81430977,,70.0,,56.66875,20.425,
Latin America & Caribbean,Upper middle income,2016,11342012,,50.0,,49.43750000000001,,
Latin America & Caribbean,High income,2016,159664,,60.0,,14.012499999999998,,
Latin America & Caribbean,Upper middle income,2016,70075,,60.0,,46.25,,40.0
Sub-Saharan Africa,Upper middle income,2016,1398927,,30.0,,45.837500000000006,,20.0
Sub-Saharan Africa,Low income,2016,3365287,,16.6,,37.44375,,10.0
Europe & Central Asia,High income,2016,49500,,40.0,,9.76875,,
East Asia & Pacific,High income,2016,293541,,50.0,,12.924999999999995,,
Europe & Central Asia,High income,2016,32565,,40.0,,10.9875,,
Europe & Central Asia,High income,2016,56186,,50.0,,11.16875,,
Latin America & Caribbean,Upper middle income,2016,119966,,50.0,,43.962500000000006,,25.0
East Asia & Pacific,High income,2016,168346,,60.0,,13.24375,,
East Asia & Pacific,High income,2016,7336600,,60.0,,28.86875000000001,,
Europe & Central Asia,High income,2016,83450,,30.0,,8.96875,,
East Asia & Pacific,Low income,2016,25389611,,10.0,,36.650000000000006,,
Europe & Central Asia,Upper middle income,2016,1777557,,40.0,,,44.74166666666667,
Europe & Central Asia,High income,2016,37609,,50.0,,23.1625,,
East Asia & Pacific,High income,2016,626688,,60.0,,22.593750000000004,,
Europe & Central Asia,High income,2016,37071,,50.0,,18.44375,,
East Asia & Pacific,High income,2016,11437,,70.0,,34.74375,,0.0
East Asia & Pacific,High income,2016,270220,,50.0,,14.84375,,
East Asia & Pacific,High income,2016,51133,,40.0,,9.1875,,
East Asia & Pacific,High income,2016,17816,,20.0,,42.78125,,15.0
Latin America & Caribbean,High income,2016,3406672,,60.0,,22.21875,,
Europe & Central Asia,High income,2016,19702267,,70.0,,57.26875,73.49166666666666,
Europe & Central Asia,High income,2016,33834,,50.0,,18.93125,,45.0
Sub-Saharan Africa,High income,2016,94677,,60.0,,53.56875000000001,,55.00000000000001
Latin America & Caribbean,High income,2016,38992,,30.0,,9.25625,,
Sub-Saharan Africa,Low income,2016,14292847,,16.6,,33.10625,,0.0
Latin America & Caribbean,High income,2016,47788,,40.0,,41.69375,,25.0
Latin America & Caribbean,High income,2016,34811,,40.0,,4.89375,,
Middle East & North Africa,Low income,2016,18964252,,36.6,,37.525000000000006,,20.0
East Asia & Pacific,Lower middle income,2016,1224562,,70.0,,62.33125,34.25833333333333,
East Asia & Pacific,Upper middle income,2016,105707,,70.0,,49.212500000000006,,25.0
Latin America & Caribbean,High income,2016,38246,,30.0,,10.85625,,
East Asia & Pacific,Upper middle income,2016,10852,,40.0,,34.225,,5.0
Latin America & Caribbean,High income,2016,107516,,40.0,,8.68125,,
Middle East & North Africa,Lower middle income,2016,4367088,,80.0,,59.08125,56.74166666666667,
South Asia,Low income,2015,33753499,,50.0,,53.56875000000001,25.441666666666663,
Europe & Central Asia,Upper middle income,2015,2880703,,80.0,,63.1,65.79166666666666,
Middle East & North Africa,Upper middle income,2015,39543154,,60.0,,56.13750000000001,56.60833333333334,
East Asia & Pacific,High income,2015,51368,,30.0,,18.018750000000004,,
Europe & Central Asia,High income,2015,71746,,40.0,,24.675,,
Sub-Saharan Africa,Lower middle income,2015,28127721,,60.0,,67.33124999999998,38.49166666666667,
Latin America & Caribbean,High income,2015,89941,,0.0,,50.6375,,
Latin America & Caribbean,Upper middle income,2015,43131966,,70.0,,74.20625000000001,69.16666666666667,
Europe & Central Asia,Upper middle income,2015,2878595,,80.0,,68.96249999999999,62.49166666666666,
Latin America & Caribbean,High income,2015,104257,,40.0,,17.5375,,
East Asia & Pacific,High income,2015,23815995,,80.0,,68.05624999999999,,
Europe & Central Asia,High income,2015,8642699,,80.0,,68.26875,,
Europe & Central Asia,Upper middle income,2015,9649341,,50.0,,59.50000000000001,63.46666666666666,
Latin America & Caribbean,High income,2015,392697,,60.0,,34.50625,,
Middle East & North Africa,High income,2015,1362142,,50.0,,38.5375,,
South Asia,Lower middle income,2015,157830000,,70.0,,68.4375,45.06666666666666,
Latin America & Caribbean,High income,2015,278083,,60.0,,49.71875,,
Europe & Central Asia,Upper middle income,2015,9461076,,60.0,,56.7625,51.208333333333336,
Europe & Central Asia,High income,2015,11274196,,80.0,,59.18125,,
Latin America & Caribbean,Upper middle income,2015,359871,,60.0,,63.33125,38.79166666666666,
Sub-Saharan Africa,Lower middle income,2015,10932783,,70.0,,55.1,35.21666666666667,
North America,High income,2015,65237,,30.0,,17.70625,,
South Asia,Lower middle income,2015,743274,,70.0,,61.72500000000001,41.36666666666667,
Latin America & Caribbean,Lower middle income,2015,11090085,,70.0,,66.84375,33.06666666666666,
Europe & Central Asia,Upper middle income,2015,3524324,,70.0,,59.25,54.883333333333326,
Sub-Saharan Africa,Upper middle income,2015,2305171,,60.0,,59.95625,55.66666666666666,
Latin America & Caribbean,Upper middle income,2015,205188205,,70.0,,73.54375,68.19166666666666,
Latin America & Caribbean,High income,2015,29366,,20.0,,14.11875,,
East Asia & Pacific,High income,2015,421437,,60.0,,37.975,,
Europe & Central Asia,High income,2015,7177991,,80.0,,65.4375,68.06666666666666,
Sub-Saharan Africa,Low income,2015,18718019,,50.0,,66.06250000000001,40.64166666666667,
Sub-Saharan Africa,Low income,2015,10727148,,60.0,,65.75,25.73333333333333,
Sub-Saharan Africa,Lower middle income,2015,552166,,60.0,,58.675,60.56666666666667,
East Asia & Pacific,Lower middle income,2015,15417523,,50.0,,70.50625,33.36666666666667,
Sub-Saharan Africa,Lower middle income,2015,23012646,,60.0,,68.43749999999999,37.59166666666667,
North America,High income,2015,35704498,,80.0,,57.16875,,
Latin America & Caribbean,High income,2015,60911,,30.0,,15.50625,,
Sub-Saharan Africa,Low income,2015,4819333,,20.0,,45.84375,,
Sub-Saharan Africa,Low income,2015,14140274,,50.0,,50.98750000000001,18.03333333333333,
Europe & Central Asia,High income,2015,162190,,20.0,,,,
Latin America & Caribbean,High income,2015,17870124,,80.0,,76.44375,66.46666666666667,
East Asia & Pacific,Upper middle income,2015,1379860000,,70.0,,56.79375,47.49166666666667,
Latin America & Caribbean,Upper middle income,2015,47119728,,80.0,,79.11875,50.641666666666666,
Sub-Saharan Africa,Lower middle income,2015,730216,,40.0,,55.125,,
Sub-Saharan Africa,Low income,2015,78656904,,70.0,,54.71875000000001,21.9,
Sub-Saharan Africa,Lower middle income,2015,5064386,,70.0,,53.46875,34.24166666666667,
Latin America & Caribbean,Upper middle income,2015,4895242,,80.0,,74.9375,,
Sub-Saharan Africa,Lower middle income,2015,23596741,,60.0,,63.712500000000006,32.71666666666667,
Europe & Central Asia,High income,2015,4203604,,70.0,,47.175,,
Latin America & Caribbean,Upper middle income,2015,11339894,,60.0,,47.675,,
Latin America & Caribbean,High income,2015,157980,,40.0,,14.35625,,
Europe & Central Asia,High income,2015,1187280,,80.0,,53.54375,,
Europe & Central Asia,High income,2015,10546059,,80.0,,68.11874999999999,,
Europe & Central Asia,High income,2015,5683483,,80.0,,60.3875,,
Middle East & North Africa,Lower middle income,2015,1006259,,20.0,,51.9,18.183333333333337,
Latin America & Caribbean,Upper middle income,2015,70007,,40.0,,46.10625,,
Latin America & Caribbean,Upper middle income,2015,10405832,,80.0,,61.0,42.141666666666666,
Latin America & Caribbean,Upper middle income,2015,16195902,,80.0,,70.81875,47.025,
Middle East & North Africa,Lower middle income,2015,97723799,,80.0,,78.8875,62.04166666666666,
Latin America & Caribbean,Upper middle income,2015,6231066,,70.0,,72.75625,53.516666666666666,
Sub-Saharan Africa,Upper middle income,2015,1346973,,30.0,,49.425,,
Sub-Saharan Africa,Low income,2015,3340006,,30.0,,37.04375,,
Europe & Central Asia,High income,2015,1315407,,80.0,,66.7375,,
Sub-Saharan Africa,Lower middle income,2015,1133936,,40.0,,62.75000000000001,31.65,
Sub-Saharan Africa,Low income,2015,102471895,,80.0,,65.33749999999999,41.325,
Europe & Central Asia,High income,2015,48816,,20.0,,9.01875,,
East Asia & Pacific,Upper middle income,2015,917200,,70.0,,58.43125,52.26666666666666,
Europe & Central Asia,High income,2015,5479531,,80.0,,66.57499999999999,,
Europe & Central Asia,High income,2015,66548272,,80.0,,62.4375,,
East Asia & Pacific,High income,2015,291787,,30.0,,12.98125,,
Sub-Saharan Africa,Upper middle income,2015,2028517,,40.0,,45.23125,15.108333333333333,
Sub-Saharan Africa,Low income,2015,2253133,,60.0,,59.06249999999999,42.575,
Europe & Central Asia,Upper middle income,2015,3725276,,70.0,,58.16875,74.44166666666668,
Europe & Central Asia,High income,2015,81686611,,80.0,,62.89374999999999,,
Sub-Saharan Africa,Lower middle income,2015,28870939,,70.0,,67.07499999999999,46.91666666666666,
Europe & Central Asia,High income,2015,32520,,20.0,,8.43125,,
Europe & Central Asia,High income,2015,10820883,,80.0,,60.12499999999999,,
Europe & Central Asia,High income,2015,56114,,30.0,,11.275,,
Latin America & Caribbean,Upper middle income,2015,118980,,50.0,,48.712500000000006,,
East Asia & Pacific,High income,2015,167978,,40.0,,13.3,,
Latin America & Caribbean,Upper middle income,2015,15567419,,70.0,,75.57499999999999,61.28333333333333,
Sub-Saharan Africa,Lower middle income,2015,11625998,,50.0,,52.1875,25.475,
Sub-Saharan Africa,Low income,2015,1788919,,40.0,,41.99375,18.383333333333333,
Latin America & Caribbean,High income,2015,755031,,40.0,,55.76875,29.83333333333333,
Latin America & Caribbean,Lower middle income,2015,10563757,,70.0,,48.25000000000001,19.2,
Latin America & Caribbean,Lower middle income,2015,9294505,,70.0,,72.99375,47.75833333333333,
East Asia & Pacific,High income,2015,7291300,,40.0,,28.925,,
Europe & Central Asia,High income,2015,9843028,,80.0,,57.76875000000001,,
Europe & Central Asia,High income,2015,330815,,60.0,,52.8875,,
South Asia,Lower middle income,2015,1322866505,,70.0,,59.8125,47.266666666666666,
East Asia & Pacific,Upper middle income,2015,259091970,,80.0,,65.48125,48.46666666666667,
Middle East & North Africa,Upper middle income,2015,81790841,,80.0,,59.51875,58.74166666666666,
Middle East & North Africa,Upper middle income,2015,37757813,,60.0,,57.306250000000006,,
Europe & Central Asia,High income,2015,4701957,,70.0,,59.78125,,
Europe & Central Asia,High income,2015,83593,,30.0,,8.96875,,
Middle East & North Africa,High income,2015,8380100,,80.0,,47.34375000000001,,
Europe & Central Asia,High income,2015,60730582,,80.0,,67.89374999999998,,
Latin America & Caribbean,Upper middle income,2015,2794445,,60.0,,59.23125,60.44166666666666,
East Asia & Pacific,High income,2015,127141000,,80.0,,64.1625,,
Middle East & North Africa,Lower middle income,2015,9494246,,70.0,,63.01875,72.7,
Europe & Central Asia,Upper middle income,2015,17542806,,80.0,,69.61249999999998,63.91666666666666,
Sub-Saharan Africa,Lower middle income,2015,46851488,,50.0,,66.09375,34.24166666666667,
East Asia & Pacific,Lower middle income,2015,116707,,50.0,,45.34375,14.983333333333333,
East Asia & Pacific,Low income,2015,25258015,,20.0,,35.400000000000006,,
East Asia & Pacific,High income,2015,51014947,,80.0,,67.60624999999999,,
Europe & Central Asia,Upper middle income,2015,1788196,,40.0,,,38.366666666666674,
Middle East & North Africa,High income,2015,3908743,,60.0,,55.6375,,
Europe & Central Asia,Lower middle income,2015,5956900,,80.0,,71.49375,61.6,
East Asia & Pacific,Lower middle income,2015,6787419,,50.0,,59.14375,42.525,
Europe & Central Asia,High income,2015,1977527,,80.0,,48.60625,,
Middle East & North Africa,Lower middle income,2015,6398940,,20.0,,54.7375,45.98333333333333,
Sub-Saharan Africa,Lower middle income,2015,2118521,,60.0,,48.41875,36.641666666666666,
Sub-Saharan Africa,Low income,2015,4612329,,60.0,,59.53749999999999,33.71666666666667,
Middle East & North Africa,Upper middle income,2015,6192235,,40.0,,35.6875,,
Europe & Central Asia,High income,2015,37355,,30.0,,23.19375,,
Europe & Central Asia,High income,2015,2904910,,80.0,,52.55,,
Europe & Central Asia,High income,2015,569604,,60.0,,49.825,,
East Asia & Pacific,High income,2015,615239,,40.0,,21.475,,
Sub-Saharan Africa,Low income,2015,24850912,,80.0,,60.306250000000006,20.066666666666663,
Sub-Saharan Africa,Low income,2015,16938942,,70.0,,66.04374999999999,45.49166666666666,
East Asia & Pacific,Upper middle income,2015,31068833,,80.0,,70.15,57.66666666666666,
South Asia,Upper middle income,2015,435582,,40.0,,43.4125,51.23333333333333,
Sub-Saharan Africa,Low income,2015,18112907,,60.0,,58.8875,48.56666666666667,
Middle East & North Africa,High income,2015,445053,,80.0,,43.8375,,
East Asia & Pacific,Upper middle income,2015,49410,,10.0,,39.78125,17.133333333333333,
Sub-Saharan Africa,Lower middle income,2015,3946220,,70.0,,50.48125,20.23333333333333,
Sub-Saharan Africa,Upper middle income,2015,1262879,,70.0,,64.76875,59.09166666666666,
Latin America & Caribbean,Upper middle income,2015,120149897,,80.0,,80.21875,75.76666666666667,
East Asia & Pacific,Lower middle income,2015,109462,,50.0,,42.075,20.43333333333333,
Europe & Central Asia,Upper middle income,2015,2835978,,80.0,,57.7125,64.99166666666666,
Europe & Central Asia,High income,2015,36760,,40.0,,16.9375,,
East Asia & Pacific,Upper middle income,2015,2964749,,80.0,,66.79375,70.21666666666665,
Europe & Central Asia,Upper middle income,2015,622159,,70.0,,59.181250000000006,57.29166666666667,
Middle East & North Africa,Lower middle income,2015,34680458,,70.0,,62.8875,48.04166666666667,
Sub-Saharan Africa,Low income,2015,26843246,,60.0,,64.25625000000001,42.775,
East Asia & Pacific,Lower middle income,2015,51483949,,60.0,,64.58124999999998,,
Sub-Saharan Africa,Upper middle income,2015,2282704,,70.0,,71.3,46.54166666666667,
East Asia & Pacific,High income,2015,11185,,50.0,,32.725,,
South Asia,Lower middle income,2015,27610325,,40.0,,64.48125,48.925,
Europe & Central Asia,High income,2015,16939923,,80.0,,56.7,,
East Asia & Pacific,High income,2015,269460,,30.0,,20.375,,
East Asia & Pacific,High income,2015,4609400,,80.0,,60.59375,,
Latin America & Caribbean,Lower middle income,2015,6298598,,70.0,,65.79374999999999,41.400000000000006,
Sub-Saharan Africa,Low income,2015,20128124,,80.0,,68.93124999999999,33.45,
Sub-Saharan Africa,Lower middle income,2015,183995785,,80.0,,51.18125000000001,45.86666666666667,
Europe & Central Asia,Upper middle income,2015,1912430,,80.0,,54.48124999999999,62.075,
East Asia & Pacific,High income,2015,51514,,30.0,,9.24375,,
Europe & Central Asia,High income,2015,5188607,,80.0,,61.21875,,
Middle East & North Africa,High income,2015,4191776,,50.0,,41.9,,
South Asia,Lower middle income,2015,210969298,,80.0,,63.26249999999999,37.1,
East Asia & Pacific,High income,2015,17794,,20.0,,42.66875,,
Latin America & Caribbean,High income,2015,3957099,,80.0,,68.69999999999999,65.04166666666666,
East Asia & Pacific,Lower middle income,2015,8682174,,40.0,,44.5375,15.308333333333332,
Latin America & Caribbean,Upper middle income,2015,6177950,,70.0,,64.7375,37.891666666666666,
Latin America & Caribbean,Upper middle income,2015,30711863,,70.0,,67.89375,48.29166666666666,
East Asia & Pacific,Lower middle income,2015,103031365,,80.0,,68.06249999999999,85.3,
Europe & Central Asia,High income,2015,37986412,,80.0,,63.37499999999999,,
Europe & Central Asia,High income,2015,10358076,,80.0,,59.4125,,
Latin America & Caribbean,High income,2015,3473232,,40.0,,21.13125,,
Middle East & North Africa,High income,2015,2414573,,60.0,,48.15,,
Europe & Central Asia,High income,2015,19815616,,80.0,,57.1125,72.59166666666667,
Europe & Central Asia,High income,2015,144640716,,80.0,,55.20625,69.99166666666666,
Sub-Saharan Africa,Low income,2015,11642959,,60.0,,54.0125,40.766666666666666,
East Asia & Pacific,Lower middle income,2015,203571,,70.0,,56.13750000000001,30.51666666666667,
Europe & Central Asia,High income,2015,33570,,30.0,,18.7,,
Sub-Saharan Africa,Lower middle income,2015,201124,,40.0,,45.21875,32.18333333333333,
Middle East & North Africa,High income,2015,32749848,,40.0,,44.1875,34.84166666666667,
Sub-Saharan Africa,Lower middle income,2015,14356181,,70.0,,62.95,43.16666666666666,
Europe & Central Asia,Upper middle income,2015,7095383,,80.0,,66.79375,59.19166666666666,
Sub-Saharan Africa,High income,2015,93419,,60.0,,52.44375000000001,,
Sub-Saharan Africa,Low income,2015,7314773,,70.0,,59.69375,21.58333333333333,
East Asia & Pacific,High income,2015,5535002,,80.0,,39.33125,,
Latin America & Caribbean,High income,2015,38825,,10.0,,9.2875,,
Europe & Central Asia,High income,2015,5423801,,70.0,,59.12500000000001,,
Europe & Central Asia,High income,2015,2063531,,80.0,,66.46874999999999,,
East Asia & Pacific,Lower middle income,2015,612660,,50.0,,53.70625,18.48333333333333,
Sub-Saharan Africa,Low income,2015,13763906,,10.0,,31.543750000000003,,
Sub-Saharan Africa,Upper middle income,2015,55876504,,80.0,,73.98750000000001,69.09166666666667,
Sub-Saharan Africa,Low income,2015,11194299,,20.0,,34.94375,20.183333333333337,
Europe & Central Asia,High income,2015,46444832,,80.0,,64.8875,,
South Asia,Lower middle income,2015,21336697,,70.0,,68.225,83.35,
Latin America & Caribbean,High income,2015,47790,,20.0,,42.575,,
Latin America & Caribbean,Upper middle income,2015,175623,,80.0,,56.225,62.96666666666667,
Latin America & Caribbean,High income,2015,35020,,20.0,,4.89375,,
Latin America & Caribbean,Upper middle income,2015,106482,,20.0,,47.95,49.25,
Sub-Saharan Africa,Low income,2015,38171178,,60.0,,63.5375,24.85833333333333,
Latin America & Caribbean,Upper middle income,2015,575475,,40.0,,41.0,,
Europe & Central Asia,High income,2015,9799186,,80.0,,65.41874999999999,,
Europe & Central Asia,High income,2015,8282396,,80.0,,66.83125,,
Middle East & North Africa,Low income,2015,19205178,,30.0,,37.88750000000001,,
Europe & Central Asia,Lower middle income,2015,8524063,,50.0,,49.48125,44.641666666666666,
Sub-Saharan Africa,Lower middle income,2015,52542823,,70.0,,71.67499999999998,43.24166666666667,
East Asia & Pacific,Upper middle income,2015,70294397,,80.0,,74.01875,47.3,
East Asia & Pacific,Lower middle income,2015,1205813,,70.0,,55.2625,29.33333333333333,
Sub-Saharan Africa,Low income,2015,7473229,,60.0,,61.1125,31.991666666666667,
East Asia & Pacific,Upper middle income,2015,106122,,50.0,,47.41875,,
Latin America & Caribbean,High income,2015,1460177,,40.0,,46.20625,,
Middle East & North Africa,Lower middle income,2015,11557779,,80.0,,62.18125,58.24166666666667,
Europe & Central Asia,Upper middle income,2015,78218479,,80.0,,78.76875,66.4,
Europe & Central Asia,Upper middle income,2015,5766431,,40.0,,39.08125,14.483333333333334,
Latin America & Caribbean,High income,2015,36538,,10.0,,10.8875,,
East Asia & Pacific,Upper middle income,2015,10877,,30.0,,30.80625000000001,,
Sub-Saharan Africa,Low income,2015,37477356,,60.0,,63.84375,46.2,
Europe & Central Asia,Upper middle income,2015,45167350,,80.0,,67.425,59.59166666666667,
Middle East & North Africa,High income,2015,8916899,,40.0,,35.56875,,
Europe & Central Asia,High income,2015,65116219,,80.0,,63.093750000000014,,
North America,High income,2015,320738994,,80.0,,63.13125000000001,,
Latin America & Caribbean,High income,2015,3402818,,80.0,,63.33750000000001,68.64166666666667,
Europe & Central Asia,Lower middle income,2015,31298900,,20.0,,45.425,29.600000000000005,
East Asia & Pacific,Lower middle income,2015,276438,,50.0,,50.89375,31.991666666666664,
East Asia & Pacific,Lower middle income,2015,92191398,,80.0,,55.187500000000014,56.10000000000001,
Latin America & Caribbean,High income,2015,107712,,20.0,,8.712499999999999,,
Middle East & North Africa,Lower middle income,2015,4270092,,80.0,,59.48749999999999,45.69166666666667,
Middle East & North Africa,Low income,2015,28516545,,70.0,,51.90625,26.308333333333337,
Sub-Saharan Africa,Lower middle income,2015,16248230,,70.0,,67.21249999999999,36.775000000000006,
Sub-Saharan Africa,Lower middle income,2015,14154937,,50.0,,52.53125000000001,41.46666666666667,
South Asia,Low income,2014,32716210,,30.0,,49.3125,,
Europe & Central Asia,Upper middle income,2014,2889104,,50.0,,67.5375,,
Middle East & North Africa,Upper middle income,2014,38760168,,40.0,,55.83125,,
East Asia & Pacific,High income,2014,52217,,10.0,,12.60625,,
Europe & Central Asia,High income,2014,71621,,0.0,,22.3625,,
Sub-Saharan Africa,Lower middle income,2014,27128337,,40.0,,66.4125,,
Latin America & Caribbean,High income,2014,89236,,0.0,,56.8125,,
Latin America & Caribbean,Upper middle income,2014,42669500,,60.0,,79.20625,,
Europe & Central Asia,Upper middle income,2014,2889930,,60.0,,64.33125,,
Latin America & Caribbean,High income,2014,103594,,20.0,,17.925,,
East Asia & Pacific,High income,2014,23475686,,60.0,,64.61874999999999,,
Europe & Central Asia,High income,2014,8546356,,60.0,,62.85624999999999,,
Europe & Central Asia,Upper middle income,2014,9535079,,40.0,,58.08125,,
Latin America & Caribbean,High income,2014,389131,,40.0,,34.70625,,
Middle East & North Africa,High income,2014,1311134,,30.0,,37.5875,,
South Asia,Lower middle income,2014,155961299,,50.0,,63.0125,,
Latin America & Caribbean,High income,2014,277493,,40.0,,61.94375000000001,,
Europe & Central Asia,Upper middle income,2014,9448515,,50.0,,55.06875,,
Europe & Central Asia,High income,2014,11209057,,60.0,,54.725,,
Latin America & Caribbean,Upper middle income,2014,352335,,40.0,,64.83125,,
Sub-Saharan Africa,Lower middle income,2014,10614844,,30.0,,54.44375,,
North America,High income,2014,65138,,20.0,,17.443749999999998,,
South Asia,Lower middle income,2014,736357,,50.0,,67.425,,
Latin America & Caribbean,Lower middle income,2014,10916987,,50.0,,71.14375,,
Europe & Central Asia,Upper middle income,2014,3571068,,50.0,,59.20625,,
Sub-Saharan Africa,Upper middle income,2014,2260376,,40.0,,62.88125,,
Latin America & Caribbean,Upper middle income,2014,203459650,,50.0,,77.2875,,
Latin America & Caribbean,High income,2014,28971,,0.0,,15.75,,
East Asia & Pacific,High income,2014,416656,,40.0,,36.8,,
Europe & Central Asia,High income,2014,7223938,,60.0,,64.7875,,
Sub-Saharan Africa,Low income,2014,18169842,,30.0,,68.0375,,
Sub-Saharan Africa,Low income,2014,10494913,,40.0,,55.99375,,
Sub-Saharan Africa,Lower middle income,2014,546076,,40.0,,59.68750000000001,,
East Asia & Pacific,Lower middle income,2014,15210817,,30.0,,70.775,,
Sub-Saharan Africa,Lower middle income,2014,22299585,,40.0,,72.64999999999999,,
North America,High income,2014,35434066,,60.0,,50.56875000000001,,
Latin America & Caribbean,High income,2014,59559,,20.0,,16.00625,,
Sub-Saharan Africa,Low income,2014,4798734,,0.0,,44.49375,,
Sub-Saharan Africa,Low income,2014,13697126,,30.0,,43.29375,,
Europe & Central Asia,High income,2014,160912,,0.0,,,,
Latin America & Caribbean,High income,2014,17687108,,60.0,,69.14375,,
East Asia & Pacific,Upper middle income,2014,1371860000,,50.0,,50.73125,,
Latin America & Caribbean,Upper middle income,2014,46677947,,60.0,,75.13125,,
Sub-Saharan Africa,Lower middle income,2014,714612,,40.0,,58.65000000000001,,
Sub-Saharan Africa,Low income,2014,76035588,,50.0,,52.431250000000006,,
Sub-Saharan Africa,Lower middle income,2014,4944861,,50.0,,49.41875,,
Latin America & Caribbean,Upper middle income,2014,4844288,,60.0,,73.60624999999999,,
Sub-Saharan Africa,Lower middle income,2014,22995555,,30.0,,64.79374999999999,,
Europe & Central Asia,High income,2014,4238389,,60.0,,53.33749999999999,,
Latin America & Caribbean,Upper middle income,2014,11332026,,40.0,,50.150000000000006,,
Latin America & Caribbean,High income,2014,155909,,20.0,,15.38125,,
Europe & Central Asia,High income,2014,1176995,,60.0,,55.51875,,
Europe & Central Asia,High income,2014,10525347,,60.0,,52.725,,
Europe & Central Asia,High income,2014,5643475,,60.0,,49.66875,,
Middle East & North Africa,Lower middle income,2014,989087,,0.0,,53.8875,,
Latin America & Caribbean,Upper middle income,2014,69371,,20.0,,50.46875000000001,,
Latin America & Caribbean,Upper middle income,2014,10282115,,60.0,,60.375,,
Latin America & Caribbean,Upper middle income,2014,15957994,,60.0,,74.4875,,
Middle East & North Africa,Lower middle income,2014,95592324,,60.0,,75.5,,
Latin America & Caribbean,Upper middle income,2014,6209526,,50.0,,75.86874999999999,,
Sub-Saharan Africa,Upper middle income,2014,1295183,,20.0,,51.8,,
Sub-Saharan Africa,Low income,2014,3323425,,20.0,,39.95,,
Europe & Central Asia,High income,2014,1314545,,60.0,,63.175,,
Sub-Saharan Africa,Lower middle income,2014,1125865,,20.0,,58.52499999999999,,
Sub-Saharan Africa,Low income,2014,99746766,,50.0,,70.33124999999998,,
Europe & Central Asia,High income,2014,48465,,0.0,,8.34375,,
East Asia & Pacific,Upper middle income,2014,915560,,50.0,,59.2,,
Europe & Central Asia,High income,2014,5461512,,60.0,,62.68125,,
Europe & Central Asia,High income,2014,66312067,,60.0,,49.05,,
East Asia & Pacific,High income,2014,289873,,10.0,,12.90625,,
Sub-Saharan Africa,Upper middle income,2014,1966855,,40.0,,46.43750000000001,,
Sub-Saharan Africa,Low income,2014,2189019,,40.0,,62.31875,,
Europe & Central Asia,Upper middle income,2014,3719414,,50.0,,56.00625,,
Europe & Central Asia,High income,2014,80982500,,60.0,,50.25625,,
Sub-Saharan Africa,Lower middle income,2014,28196358,,40.0,,68.73124999999999,,
Europe & Central Asia,High income,2014,32452,,0.0,,7.7375,,
Europe & Central Asia,High income,2014,10892413,,60.0,,51.175,,
Europe & Central Asia,High income,2014,56295,,10.0,,10.6125,,
Latin America & Caribbean,Upper middle income,2014,117972,,40.0,,54.618750000000006,,
East Asia & Pacific,High income,2014,167543,,20.0,,13.15625,,
Latin America & Caribbean,Upper middle income,2014,15306316,,50.0,,66.48124999999999,,
Sub-Saharan Africa,Lower middle income,2014,11333365,,30.0,,53.64375,,
Sub-Saharan Africa,Low income,2014,1743309,,20.0,,44.05,,
Latin America & Caribbean,High income,2014,751115,,20.0,,60.70625,,
Latin America & Caribbean,Lower middle income,2014,10412740,,50.0,,47.556250000000006,,
Latin America & Caribbean,Lower middle income,2014,9127846,,50.0,,75.84375,,
East Asia & Pacific,High income,2014,7229500,,20.0,,27.14375,,
Europe & Central Asia,High income,2014,9866468,,60.0,,50.150000000000006,,
Europe & Central Asia,High income,2014,327386,,40.0,,48.475,,
South Asia,Lower middle income,2014,1307246509,,50.0,,58.75625,,
East Asia & Pacific,Upper middle income,2014,256229761,,60.0,,69.06875,,
Middle East & North Africa,Upper middle income,2014,79961672,,60.0,,64.94375,,
Middle East & North Africa,Upper middle income,2014,36746488,,40.0,,61.53124999999999,,
Europe & Central Asia,High income,2014,4657740,,60.0,,47.00625000000001,,
Europe & Central Asia,High income,2014,83896,,10.0,,8.18125,,
Middle East & North Africa,High income,2014,8215700,,60.0,,41.51250000000001,,
Europe & Central Asia,High income,2014,60789140,,60.0,,61.20625,,
Latin America & Caribbean,Upper middle income,2014,2784543,,40.0,,63.64375,,
East Asia & Pacific,High income,2014,127276000,,60.0,,58.025000000000006,,
Middle East & North Africa,Lower middle income,2014,8658026,,50.0,,67.8625,,
Europe & Central Asia,Upper middle income,2014,17288285,,60.0,,69.875,,
Sub-Saharan Africa,Lower middle income,2014,45831863,,30.0,,67.95625,,
East Asia & Pacific,Lower middle income,2014,114985,,30.0,,37.31250000000001,,
East Asia & Pacific,Low income,2014,25126131,,0.0,,34.04375,,
East Asia & Pacific,High income,2014,50746659,,60.0,,63.24999999999999,,
Europe & Central Asia,Upper middle income,2014,1812771,,20.0,,,,
Middle East & North Africa,High income,2014,3761584,,20.0,,51.0625,,
Europe & Central Asia,Lower middle income,2014,5835500,,60.0,,69.95624999999998,,
East Asia & Pacific,Lower middle income,2014,6691454,,40.0,,64.2125,,
Europe & Central Asia,High income,2014,1993782,,60.0,,47.025,,
Middle East & North Africa,Lower middle income,2014,6274342,,30.0,,55.85,,
Sub-Saharan Africa,Lower middle income,2014,2095242,,40.0,,48.08125,,
Sub-Saharan Africa,Low income,2014,4519398,,40.0,,65.79374999999999,,
Middle East & North Africa,Upper middle income,2014,6097764,,40.0,,33.66875,,
Europe & Central Asia,High income,2014,37096,,10.0,,20.8,,
Europe & Central Asia,High income,2014,2932367,,60.0,,49.8375,,
Europe & Central Asia,High income,2014,556319,,40.0,,45.77500000000001,,
East Asia & Pacific,High income,2014,604167,,20.0,,19.293750000000003,,
Sub-Saharan Africa,Low income,2014,24215976,,60.0,,62.93749999999999,,
Sub-Saharan Africa,Low income,2014,16477966,,50.0,,65.85,,
East Asia & Pacific,Upper middle income,2014,30606459,,60.0,,66.1875,,
South Asia,Upper middle income,2014,416738,,30.0,,42.462500000000006,,
Sub-Saharan Africa,Low income,2014,17551814,,50.0,,61.01875,,
Middle East & North Africa,High income,2014,434558,,40.0,,41.85,,
East Asia & Pacific,Upper middle income,2014,50419,,10.0,,43.9625,,
Sub-Saharan Africa,Lower middle income,2014,3843174,,50.0,,45.5,,
Sub-Saharan Africa,Upper middle income,2014,1261208,,50.0,,68.45,,
Latin America & Caribbean,Upper middle income,2014,118755887,,60.0,,75.425,,
East Asia & Pacific,Lower middle income,2014,109024,,30.0,,43.64375,,
Europe & Central Asia,Upper middle income,2014,2857815,,60.0,,55.64374999999999,,
Europe & Central Asia,High income,2014,36110,,20.0,,13.5,,
East Asia & Pacific,Upper middle income,2014,2902823,,60.0,,67.54374999999999,,
Europe & Central Asia,Upper middle income,2014,621810,,60.0,,60.64375,,
Middle East & North Africa,Lower middle income,2014,34248603,,50.0,,67.75625000000001,,
Sub-Saharan Africa,Low income,2014,26038704,,30.0,,61.8,,
East Asia & Pacific,Lower middle income,2014,51072436,,20.0,,55.0875,,
Sub-Saharan Africa,Upper middle income,2014,2243001,,50.0,,65.80625,,
East Asia & Pacific,High income,2014,10940,,30.0,,33.4,,
South Asia,Lower middle income,2014,27462106,,20.0,,66.23124999999999,,
Europe & Central Asia,High income,2014,16865008,,60.0,,49.44375,,
East Asia & Pacific,High income,2014,268050,,10.0,,23.425,,
East Asia & Pacific,High income,2014,4516500,,60.0,,51.5125,,
Latin America & Caribbean,Lower middle income,2014,6208676,,60.0,,70.09375,,
Sub-Saharan Africa,Low income,2014,19372014,,60.0,,66.19999999999999,,
Sub-Saharan Africa,Lower middle income,2014,179379016,,50.0,,49.78125000000001,,
Europe & Central Asia,Upper middle income,2014,1917557,,60.0,,49.75,,
East Asia & Pacific,High income,2014,51856,,10.0,,9.275,,
Europe & Central Asia,High income,2014,5137232,,60.0,,50.91875,,
Middle East & North Africa,High income,2014,4009267,,30.0,,49.19375,,
South Asia,Lower middle income,2014,208251628,,60.0,,65.2625,,
East Asia & Pacific,High income,2014,17796,,10.0,,46.60625,,
Latin America & Caribbean,High income,2014,3888793,,60.0,,69.56875,,
East Asia & Pacific,Lower middle income,2014,8464153,,30.0,,53.47500000000001,,
Latin America & Caribbean,Upper middle income,2014,6090721,,50.0,,68.39375,,
Latin America & Caribbean,Upper middle income,2014,30353951,,50.0,,71.48125,,
East Asia & Pacific,Lower middle income,2014,101325201,,60.0,,67.59375,,
Europe & Central Asia,High income,2014,38011735,,60.0,,53.03125,,
Europe & Central Asia,High income,2014,10401062,,60.0,,48.825,,
Latin America & Caribbean,High income,2014,3534874,,20.0,,20.275,,
Middle East & North Africa,High income,2014,2214465,,40.0,,38.587500000000006,,
Europe & Central Asia,High income,2014,19908979,,60.0,,60.26875,,
Europe & Central Asia,High income,2014,144237223,,60.0,,57.41875000000001,,
Sub-Saharan Africa,Low income,2014,11368451,,40.0,,50.74999999999999,,
East Asia & Pacific,Lower middle income,2014,201757,,50.0,,58.71875,,
Europe & Central Asia,High income,2014,33389,,0.0,,16.656250000000004,,
Sub-Saharan Africa,Lower middle income,2014,197497,,20.0,,47.13125,,
Middle East & North Africa,High income,2014,32125564,,40.0,,33.70625,,
Sub-Saharan Africa,Lower middle income,2014,13970308,,30.0,,62.625,,
Europe & Central Asia,Upper middle income,2014,7130576,,60.0,,68.03125,,
Sub-Saharan Africa,High income,2014,91359,,20.0,,55.05,,
Sub-Saharan Africa,Low income,2014,7140688,,50.0,,62.37499999999999,,
East Asia & Pacific,High income,2014,5469724,,60.0,,35.6625,,
Latin America & Caribbean,High income,2014,37685,,0.0,,9.875,,
Europe & Central Asia,High income,2014,5418649,,60.0,,50.7625,,
Europe & Central Asia,High income,2014,2061980,,60.0,,62.1125,,
East Asia & Pacific,Lower middle income,2014,597375,,30.0,,52.0625,,
Sub-Saharan Africa,Low income,2014,13309235,,0.0,,29.64375,,
Sub-Saharan Africa,Upper middle income,2014,54729551,,60.0,,59.88125,,
Sub-Saharan Africa,Low income,2014,11213284,,0.0,,37.04375,,
Europe & Central Asia,High income,2014,46480882,,60.0,,59.78125000000001,,
South Asia,Lower middle income,2014,21239457,,60.0,,65.91874999999999,,
Latin America & Caribbean,High income,2014,47789,,0.0,,46.925,,
Latin America & Caribbean,Upper middle income,2014,174804,,40.0,,57.400000000000006,,
Latin America & Caribbean,High income,2014,35261,,0.0,,4.89375,,
Latin America & Caribbean,Upper middle income,2014,106912,,0.0,,51.98125,,
Sub-Saharan Africa,Low income,2014,37003245,,40.0,,58.91875,,
Latin America & Caribbean,Upper middle income,2014,569682,,10.0,,43.26875,,
Europe & Central Asia,High income,2014,9696110,,60.0,,60.79375,,
Europe & Central Asia,High income,2014,8188649,,60.0,,60.28125,,
Middle East & North Africa,Low income,2014,20072232,,50.0,,37.41875,,
Europe & Central Asia,Lower middle income,2014,8326348,,40.0,,48.8,,
Sub-Saharan Africa,Lower middle income,2014,50814552,,50.0,,72.58749999999999,,
East Asia & Pacific,Upper middle income,2014,69960943,,60.0,,57.2875,,
East Asia & Pacific,Lower middle income,2014,1184830,,50.0,,57.1375,,
Sub-Saharan Africa,Low income,2014,7288383,,30.0,,63.44375,,
East Asia & Pacific,Upper middle income,2014,106626,,20.0,,49.53125000000001,,
Latin America & Caribbean,High income,2014,1450661,,20.0,,57.462500000000006,,
Middle East & North Africa,Lower middle income,2014,11428948,,30.0,,65.70624999999998,,
Europe & Central Asia,Upper middle income,2014,77181884,,60.0,,69.8625,,
Europe & Central Asia,Upper middle income,2014,5663152,,20.0,,35.93750000000001,,
Latin America & Caribbean,High income,2014,34985,,0.0,,12.08125,,
East Asia & Pacific,Upper middle income,2014,10899,,20.0,,31.2875,,
Sub-Saharan Africa,Low income,2014,36336539,,50.0,,66.5125,,
Europe & Central Asia,Upper middle income,2014,45272155,,60.0,,65.65625,,
Middle East & North Africa,High income,2014,8835951,,40.0,,32.3625,,
Europe & Central Asia,High income,2014,64602298,,60.0,,58.9375,,
North America,High income,2014,318386329,,60.0,,47.368750000000006,,
Latin America & Caribbean,High income,2014,3391662,,60.0,,67.56875,,
Europe & Central Asia,Lower middle income,2014,30757700,,0.0,,44.7625,,
East Asia & Pacific,Lower middle income,2014,269927,,30.0,,55.88125,,
East Asia & Pacific,Lower middle income,2014,91235504,,60.0,,67.625,,
Latin America & Caribbean,High income,2014,107882,,0.0,,9.3375,,
Middle East & North Africa,Lower middle income,2014,4173398,,60.0,,56.825,,
Middle East & North Africa,Low income,2014,27753304,,50.0,,63.33125,,
Sub-Saharan Africa,Lower middle income,2014,15737793,,40.0,,61.431250000000006,,
Sub-Saharan Africa,Lower middle income,2014,13855753,,30.0,,48.88125,,
South Asia,Low income,2013,31541209,,30.0,,49.7375,,
Europe & Central Asia,Upper middle income,2013,2895092,,60.0,,70.86875,,
Middle East & North Africa,Upper middle income,2013,38000626,,40.0,,58.34374999999999,,
East Asia & Pacific,High income,2013,52995,,10.0,,21.4625,,
Europe & Central Asia,High income,2013,71367,,40.0,,22.825,,
Sub-Saharan Africa,Lower middle income,2013,26147002,,40.0,,65.14999999999999,,
Latin America & Caribbean,High income,2013,88497,,0.0,,52.8625,,
Latin America & Caribbean,Upper middle income,2013,42202935,,60.0,,77.8,,
Europe & Central Asia,Upper middle income,2013,2901385,,60.0,,62.48125,,
Latin America & Caribbean,High income,2013,102880,,20.0,,18.15,,
East Asia & Pacific,High income,2013,23128129,,60.0,,64.7375,,
Europe & Central Asia,High income,2013,8479823,,60.0,,62.425,,
Europe & Central Asia,Upper middle income,2013,9416801,,40.0,,58.74999999999999,,
Latin America & Caribbean,High income,2013,385650,,40.0,,34.86875,,
Middle East & North Africa,High income,2013,1261673,,30.0,,36.4,,
South Asia,Lower middle income,2013,154030139,,50.0,,63.35624999999999,,
Latin America & Caribbean,High income,2013,276865,,40.0,,63.35625,,
Europe & Central Asia,Upper middle income,2013,9443211,,50.0,,52.19375,,
Europe & Central Asia,High income,2013,11159407,,60.0,,53.59374999999999,,
Latin America & Caribbean,Upper middle income,2013,344688,,40.0,,64.53750000000001,,
Sub-Saharan Africa,Lower middle income,2013,10308730,,30.0,,54.79375000000001,,
North America,High income,2013,65001,,20.0,,17.6125,,
South Asia,Lower middle income,2013,728889,,50.0,,68.63749999999999,,
Latin America & Caribbean,Lower middle income,2013,10743349,,50.0,,71.8625,,
Europe & Central Asia,Upper middle income,2013,3617559,,50.0,,57.95625,,
Sub-Saharan Africa,Upper middle income,2013,2217278,,40.0,,58.7,,
Latin America & Caribbean,Upper middle income,2013,201721767,,50.0,,79.18125,,
Latin America & Caribbean,High income,2013,28657,,0.0,,15.35,,
East Asia & Pacific,High income,2013,411702,,20.0,,35.59374999999999,,
Europe & Central Asia,High income,2013,7265115,,60.0,,63.22499999999999,,
Sub-Saharan Africa,Low income,2013,17636408,,20.0,,68.19999999999999,,
Sub-Saharan Africa,Low income,2013,10149577,,40.0,,50.74375,,
Sub-Saharan Africa,Lower middle income,2013,539940,,40.0,,61.03125,,
East Asia & Pacific,Lower middle income,2013,14999683,,30.0,,68.2875,,
Sub-Saharan Africa,Lower middle income,2013,21632850,,30.0,,64.06249999999999,,
North America,High income,2013,35080992,,60.0,,51.29375,,
Latin America & Caribbean,High income,2013,58212,,20.0,,16.175,,
Sub-Saharan Africa,Low income,2013,4802428,,0.0,,44.150000000000006,,
Sub-Saharan Africa,Low income,2013,13216766,,30.0,,42.975,,
Europe & Central Asia,High income,2013,159794,,0.0,,,,
Latin America & Caribbean,High income,2013,17509925,,60.0,,70.34375,,
East Asia & Pacific,Upper middle income,2013,1363240000,,50.0,,51.3625,,
Latin America & Caribbean,Upper middle income,2013,46237930,,60.0,,76.55624999999999,,
Sub-Saharan Africa,Lower middle income,2013,699393,,20.0,,55.81250000000001,,
Sub-Saharan Africa,Low income,2013,73460021,,50.0,,48.84375,,
Sub-Saharan Africa,Lower middle income,2013,4828066,,50.0,,50.68125,,
Latin America & Caribbean,Upper middle income,2013,4791535,,60.0,,73.2,,
Sub-Saharan Africa,Lower middle income,2013,22469268,,40.0,,63.61874999999999,,
Europe & Central Asia,High income,2013,4255689,,60.0,,53.76875000000001,,
Latin America & Caribbean,Upper middle income,2013,11321579,,40.0,,44.4125,,
Latin America & Caribbean,High income,2013,153822,,20.0,,15.437499999999998,,
Europe & Central Asia,High income,2013,1166968,,40.0,,55.0875,,
Europe & Central Asia,High income,2013,10514272,,60.0,,52.37500000000001,,
Europe & Central Asia,High income,2013,5614932,,60.0,,48.868750000000006,,
Middle East & North Africa,Lower middle income,2013,971753,,0.0,,54.45625,,
Latin America & Caribbean,Upper middle income,2013,68819,,0.0,,50.975,,
Latin America & Caribbean,Upper middle income,2013,10157051,,60.0,,57.84375000000001,,
Latin America & Caribbean,Upper middle income,2013,15722989,,60.0,,76.0625,,
Middle East & North Africa,Lower middle income,2013,93377890,,60.0,,68.95625,,
Latin America & Caribbean,Upper middle income,2013,6185642,,50.0,,70.94375,,
Sub-Saharan Africa,Upper middle income,2013,1243941,,20.0,,52.8875,,
Sub-Saharan Africa,Low income,2013,3296367,,20.0,,40.306250000000006,,
Europe & Central Asia,High income,2013,1317997,,60.0,,61.83749999999999,,
Sub-Saharan Africa,Lower middle income,2013,1118319,,20.0,,59.63125,,
Sub-Saharan Africa,Low income,2013,97084366,,50.0,,70.73749999999998,,
Europe & Central Asia,High income,2013,48418,,0.0,,8.34375,,
East Asia & Pacific,Upper middle income,2013,913453,,60.0,,59.60625,,
Europe & Central Asia,High income,2013,5438972,,60.0,,62.33125,,
Europe & Central Asia,High income,2013,66002289,,60.0,,47.837500000000006,,
East Asia & Pacific,High income,2013,288032,,10.0,,13.01875,,
Sub-Saharan Africa,Upper middle income,2013,1902226,,40.0,,48.13125,,
Sub-Saharan Africa,Low income,2013,2124869,,40.0,,62.93124999999999,,
Europe & Central Asia,Upper middle income,2013,3717668,,50.0,,57.05625,,
Europe & Central Asia,High income,2013,80645605,,60.0,,49.825,,
Sub-Saharan Africa,Lower middle income,2013,27525597,,40.0,,68.85,,
Europe & Central Asia,High income,2013,32411,,0.0,,8.987499999999999,,
Europe & Central Asia,High income,2013,10965211,,60.0,,50.04375000000001,,
Europe & Central Asia,High income,2013,56483,,10.0,,10.6125,,
Latin America & Caribbean,Upper middle income,2013,116945,,40.0,,55.19375,,
East Asia & Pacific,High income,2013,167054,,20.0,,13.15625,,
Latin America & Caribbean,Upper middle income,2013,15043981,,40.0,,67.40624999999999,,
Sub-Saharan Africa,Lower middle income,2013,11055430,,30.0,,44.08125,,
Sub-Saharan Africa,Low income,2013,1697753,,20.0,,40.49375,,
Latin America & Caribbean,High income,2013,747420,,20.0,,58.94999999999999,,
Latin America & Caribbean,Lower middle income,2013,10261206,,50.0,,48.1125,,
Latin America & Caribbean,Lower middle income,2013,8960657,,50.0,,74.25625,,
East Asia & Pacific,High income,2013,7178900,,20.0,,28.581250000000004,,
Europe & Central Asia,High income,2013,9893082,,60.0,,46.931250000000006,,
Europe & Central Asia,High income,2013,323764,,40.0,,47.50625000000001,,
South Asia,Lower middle income,2013,1291132063,,50.0,,57.06249999999999,,
East Asia & Pacific,Upper middle income,2013,253275918,,60.0,,71.125,,
Middle East & North Africa,Upper middle income,2013,78458928,,60.0,,66.99374999999999,,
Middle East & North Africa,Upper middle income,2013,35481800,,40.0,,62.34375,,
Europe & Central Asia,High income,2013,4623816,,60.0,,46.575,,
Europe & Central Asia,High income,2013,84144,,10.0,,8.18125,,
Middle East & North Africa,High income,2013,8059500,,60.0,,40.93750000000001,,
Europe & Central Asia,High income,2013,60233948,,60.0,,61.39999999999999,,
Latin America & Caribbean,Upper middle income,2013,2773129,,40.0,,64.28125,,
East Asia & Pacific,High income,2013,127445000,,60.0,,58.75,,
Middle East & North Africa,Lower middle income,2013,7694814,,60.0,,68.875,,
Europe & Central Asia,Upper middle income,2013,17035551,,60.0,,70.08749999999999,,
Sub-Saharan Africa,Lower middle income,2013,44792368,,30.0,,61.7875,,
East Asia & Pacific,Lower middle income,2013,113311,,30.0,,36.0375,,
East Asia & Pacific,Low income,2013,25001819,,0.0,,36.1125,,
East Asia & Pacific,High income,2013,50428893,,60.0,,63.425,,
Europe & Central Asia,Upper middle income,2013,1818117,,20.0,,,,
Middle East & North Africa,High income,2013,3646518,,30.0,,51.212500000000006,,
Europe & Central Asia,Lower middle income,2013,5719600,,60.0,,70.53124999999999,,
East Asia & Pacific,Lower middle income,2013,6600742,,40.0,,64.27499999999999,,
Europe & Central Asia,High income,2013,2012647,,60.0,,46.59375,,
Middle East & North Africa,Lower middle income,2013,5678851,,30.0,,59.325,,
Sub-Saharan Africa,Lower middle income,2013,2073939,,40.0,,50.90625,,
Sub-Saharan Africa,Low income,2013,4427313,,40.0,,52.150000000000006,,
Middle East & North Africa,Upper middle income,2013,5985221,,40.0,,31.893750000000004,,
Europe & Central Asia,High income,2013,36806,,10.0,,20.1875,,
Europe & Central Asia,High income,2013,2957689,,60.0,,46.4125,,
Europe & Central Asia,High income,2013,543360,,40.0,,45.53125,,
East Asia & Pacific,High income,2013,593374,,20.0,,19.31875,,
Sub-Saharan Africa,Low income,2013,23588073,,60.0,,64.21874999999999,,
Sub-Saharan Africa,Low income,2013,16024775,,50.0,,64.55,,
East Asia & Pacific,Upper middle income,2013,30134807,,60.0,,65.91875,,
South Asia,Upper middle income,2013,400728,,30.0,,44.53125,,
Sub-Saharan Africa,Low income,2013,17004033,,50.0,,64.35625,,
Middle East & North Africa,High income,2013,425967,,40.0,,41.40625,,
East Asia & Pacific,Upper middle income,2013,51352,,10.0,,32.06875,,
Sub-Saharan Africa,Lower middle income,2013,3742959,,50.0,,42.375,,
Sub-Saharan Africa,Upper middle income,2013,1258927,,50.0,,69.6375,,
Latin America & Caribbean,Upper middle income,2013,117290686,,60.0,,75.3,,
East Asia & Pacific,Lower middle income,2013,108609,,20.0,,42.38125,,
Europe & Central Asia,Upper middle income,2013,2859558,,60.0,,55.20624999999999,,
Europe & Central Asia,High income,2013,35425,,20.0,,13.5,,
East Asia & Pacific,Upper middle income,2013,2845153,,60.0,,68.43125,,
Europe & Central Asia,Upper middle income,2013,621207,,60.0,,61.475,,
Middle East & North Africa,Lower middle income,2013,33803527,,50.0,,68.36875,,
Sub-Saharan Africa,Low income,2013,25251731,,30.0,,58.94375,,
East Asia & Pacific,Lower middle income,2013,50648334,,20.0,,57.06250000000001,,
Sub-Saharan Africa,Upper middle income,2013,2204510,,50.0,,64.96875,,
East Asia & Pacific,High income,2013,10694,,30.0,,33.71875,,
South Asia,Lower middle income,2013,27381555,,30.0,,67.4375,,
Europe & Central Asia,High income,2013,16804432,,60.0,,49.0125,,
East Asia & Pacific,High income,2013,263650,,0.0,,23.5375,,
East Asia & Pacific,High income,2013,4442100,,60.0,,49.5125,,
Latin America & Caribbean,Lower middle income,2013,6119379,,40.0,,71.225,,
Sub-Saharan Africa,Low income,2013,18653199,,40.0,,67.01875,,
Sub-Saharan Africa,Lower middle income,2013,174726123,,50.0,,51.64375,,
Europe & Central Asia,Upper middle income,2013,1922716,,60.0,,50.4,,
East Asia & Pacific,High income,2013,52141,,10.0,,9.275,,
Europe & Central Asia,High income,2013,5079623,,60.0,,49.5375,,
Middle East & North Africa,High income,2013,3816680,,30.0,,48.3,,
South Asia,Lower middle income,2013,205337562,,60.0,,66.9875,,
East Asia & Pacific,High income,2013,17805,,0.0,,43.8625,,
Latin America & Caribbean,High income,2013,3821556,,60.0,,69.83749999999999,,
East Asia & Pacific,Lower middle income,2013,8245627,,30.0,,56.32499999999999,,
Latin America & Caribbean,Upper middle income,2013,6005652,,50.0,,69.29375,,
Latin America & Caribbean,Upper middle income,2013,30038809,,50.0,,69.4625,,
East Asia & Pacific,Lower middle income,2013,99700107,,60.0,,71.91874999999999,,
Europe & Central Asia,High income,2013,38040196,,60.0,,52.25,,
Europe & Central Asia,High income,2013,10457295,,60.0,,47.868750000000006,,
Latin America & Caribbean,High income,2013,3593077,,20.0,,20.0,,
Middle East & North Africa,High income,2013,2035501,,40.0,,39.39375,,
Europe & Central Asia,High income,2013,19983693,,60.0,,59.04375,,
Europe & Central Asia,High income,2013,143805638,,60.0,,54.89375000000001,,
Sub-Saharan Africa,Low income,2013,11101350,,40.0,,48.78125000000001,,
East Asia & Pacific,Lower middle income,2013,199939,,60.0,,57.21874999999999,,
Europe & Central Asia,High income,2013,33285,,0.0,,15.987500000000002,,
Sub-Saharan Africa,Lower middle income,2013,193757,,20.0,,44.3,,
Middle East & North Africa,High income,2013,31482498,,20.0,,33.78124999999999,,
Sub-Saharan Africa,Lower middle income,2013,13595566,,30.0,,61.84375,,
Europe & Central Asia,Upper middle income,2013,7164132,,60.0,,63.27499999999999,,
Sub-Saharan Africa,High income,2013,89949,,20.0,,54.60625,,
Sub-Saharan Africa,Low income,2013,6964859,,30.0,,59.475,,
East Asia & Pacific,High income,2013,5399162,,60.0,,35.8125,,
Latin America & Caribbean,High income,2013,36607,,0.0,,10.04375,,
Europe & Central Asia,High income,2013,5413393,,60.0,,49.70625,,
Europe & Central Asia,High income,2013,2059953,,60.0,,60.98125,,
East Asia & Pacific,Lower middle income,2013,582365,,30.0,,52.0,,
Sub-Saharan Africa,Low income,2013,12852485,,0.0,,31.30625,,
Sub-Saharan Africa,Upper middle income,2013,53873616,,60.0,,60.2625,,
Sub-Saharan Africa,Low income,2013,11106031,,30.0,,38.400000000000006,,
Europe & Central Asia,High income,2013,46620045,,60.0,,58.650000000000006,,
South Asia,Lower middle income,2013,21131756,,60.0,,67.30624999999999,,
Latin America & Caribbean,High income,2013,47767,,0.0,,47.63125,,
Latin America & Caribbean,Upper middle income,2013,173978,,40.0,,58.12500000000001,,
Latin America & Caribbean,High income,2013,35639,,0.0,,4.89375,,
Latin America & Caribbean,Upper middle income,2013,107450,,30.0,,52.431250000000006,,
Sub-Saharan Africa,Low income,2013,35990704,,40.0,,56.49999999999999,,
Latin America & Caribbean,Upper middle income,2013,563947,,10.0,,44.61875,,
Europe & Central Asia,High income,2013,9600379,,60.0,,47.6,,
Europe & Central Asia,High income,2013,8089346,,60.0,,59.01875,,
Middle East & North Africa,Low income,2013,21495821,,50.0,,50.38125,,
Europe & Central Asia,Lower middle income,2013,8136610,,50.0,,52.56875,,
Sub-Saharan Africa,Lower middle income,2013,49253643,,40.0,,67.39374999999998,,
East Asia & Pacific,Upper middle income,2013,69578602,,60.0,,58.44375,,
East Asia & Pacific,Lower middle income,2013,1161555,,40.0,,55.681250000000006,,
Sub-Saharan Africa,Low income,2013,7106229,,30.0,,61.6125,,
East Asia & Pacific,Upper middle income,2013,107089,,20.0,,52.48125,,
Latin America & Caribbean,High income,2013,1440729,,20.0,,60.368750000000006,,
Middle East & North Africa,Lower middle income,2013,11300284,,50.0,,64.42499999999998,,
Europe & Central Asia,Upper middle income,2013,76147624,,60.0,,69.77499999999999,,
Europe & Central Asia,Upper middle income,2013,5560095,,20.0,,35.087500000000006,,
Latin America & Caribbean,High income,2013,33594,,20.0,,11.65625,,
East Asia & Pacific,Upper middle income,2013,10918,,20.0,,31.49375,,
Sub-Saharan Africa,Low income,2013,35273570,,60.0,,66.07499999999999,,
Europe & Central Asia,Upper middle income,2013,45489648,,50.0,,64.43124999999999,,
Middle East & North Africa,High income,2013,8751847,,40.0,,31.8375,,
Europe & Central Asia,High income,2013,64128273,,60.0,,58.306250000000006,,
North America,High income,2013,316059947,,60.0,,47.525000000000006,,
Latin America & Caribbean,High income,2013,3381180,,60.0,,67.54374999999999,,
Europe & Central Asia,Lower middle income,2013,30243200,,0.0,,45.26875,,
East Asia & Pacific,Lower middle income,2013,263534,,30.0,,60.05,,
East Asia & Pacific,Lower middle income,2013,90267739,,60.0,,66.70624999999998,,
Latin America & Caribbean,High income,2013,108041,,0.0,,9.3375,,
Middle East & North Africa,Lower middle income,2013,4076708,,60.0,,55.03125000000001,,
Middle East & North Africa,Low income,2013,26984002,,40.0,,59.60625,,
Sub-Saharan Africa,Lower middle income,2013,15234976,,40.0,,59.76875,,
Sub-Saharan Africa,Lower middle income,2013,13555422,,30.0,,49.48125,,
South Asia,Low income,2012,30466479,,30.0,,49.16875,,
Europe & Central Asia,Upper middle income,2012,2900401,,60.0,,70.53125,,
Middle East & North Africa,Upper middle income,2012,37260563,,40.0,,53.10625,,
East Asia & Pacific,High income,2012,53691,,10.0,,21.4625,,
Europe & Central Asia,High income,2012,71013,,40.0,,23.456250000000004,,
Sub-Saharan Africa,Lower middle income,2012,25188292,,40.0,,68.15,,
Latin America & Caribbean,High income,2012,87674,,0.0,,55.60000000000001,,
Latin America & Caribbean,Upper middle income,2012,41733271,,60.0,,76.4,,
Europe & Central Asia,Upper middle income,2012,2914421,,60.0,,63.68125,,
Latin America & Caribbean,High income,2012,102112,,20.0,,18.15,,
East Asia & Pacific,High income,2012,22733465,,60.0,,64.3375,,
Europe & Central Asia,High income,2012,8429991,,60.0,,63.212500000000006,,
Europe & Central Asia,Upper middle income,2012,9295784,,40.0,,60.5,,
Latin America & Caribbean,High income,2012,382061,,40.0,,35.5375,,
Middle East & North Africa,High income,2012,1224939,,30.0,,37.43749999999999,,
South Asia,Lower middle income,2012,152090649,,50.0,,62.34375,,
Latin America & Caribbean,High income,2012,276197,,40.0,,62.68749999999999,,
Europe & Central Asia,Upper middle income,2012,9446836,,50.0,,53.0875,,
Europe & Central Asia,High income,2012,11106932,,60.0,,53.21874999999999,,
Latin America & Caribbean,Upper middle income,2012,337059,,40.0,,63.68125,,
Sub-Saharan Africa,Lower middle income,2012,10014078,,30.0,,55.11250000000001,,
North America,High income,2012,64798,,20.0,,17.6125,,
South Asia,Lower middle income,2012,721145,,60.0,,69.39999999999999,,
Latin America & Caribbean,Lower middle income,2012,10569697,,60.0,,75.34374999999999,,
Europe & Central Asia,Upper middle income,2012,3674374,,60.0,,58.20624999999999,,
Sub-Saharan Africa,Upper middle income,2012,2175425,,40.0,,58.056250000000006,,
Latin America & Caribbean,Upper middle income,2012,199977707,,50.0,,79.74375,,
Latin America & Caribbean,High income,2012,28421,,0.0,,15.25625,,
East Asia & Pacific,High income,2012,406634,,20.0,,35.8,,
Europe & Central Asia,High income,2012,7305888,,60.0,,64.1875,,
Sub-Saharan Africa,Low income,2012,17113732,,20.0,,68.9125,,
Sub-Saharan Africa,Low income,2012,9795479,,30.0,,48.65625,,
Sub-Saharan Africa,Lower middle income,2012,533864,,40.0,,61.8375,,
East Asia & Pacific,Lower middle income,2012,14786640,,30.0,,67.9125,,
Sub-Saharan Africa,Lower middle income,2012,21032684,,40.0,,63.575,,
North America,High income,2012,34713395,,60.0,,51.34375,,
Latin America & Caribbean,High income,2012,56860,,20.0,,16.175,,
Sub-Saharan Africa,Low income,2012,4773306,,0.0,,47.7625,,
Sub-Saharan Africa,Low income,2012,12754906,,30.0,,43.55625,,
Europe & Central Asia,High income,2012,158621,,0.0,,,,
Latin America & Caribbean,High income,2012,17341771,,60.0,,71.53125,,
East Asia & Pacific,Upper middle income,2012,1354190000,,50.0,,53.056250000000006,,
Latin America & Caribbean,Upper middle income,2012,45782417,,60.0,,76.36874999999999,,
Sub-Saharan Africa,Lower middle income,2012,684553,,20.0,,56.61875,,
Sub-Saharan Africa,Low income,2012,70997870,,50.0,,48.93125,,
Sub-Saharan Africa,Lower middle income,2012,4713257,,50.0,,51.25625,,
Latin America & Caribbean,Upper middle income,2012,4736593,,60.0,,75.325,,
Sub-Saharan Africa,Lower middle income,2012,22010712,,50.0,,67.5125,,
Europe & Central Asia,High income,2012,4267558,,60.0,,53.46249999999999,,
Latin America & Caribbean,Upper middle income,2012,11309290,,40.0,,45.10625,,
Latin America & Caribbean,High income,2012,152088,,20.0,,15.437499999999998,,
Europe & Central Asia,High income,2012,1156556,,60.0,,55.31875000000001,,
Europe & Central Asia,High income,2012,10510785,,60.0,,53.14375,,
Europe & Central Asia,High income,2012,5591572,,60.0,,49.35625000000001,,
Middle East & North Africa,Lower middle income,2012,954297,,0.0,,52.868750000000006,,
Latin America & Caribbean,Upper middle income,2012,68888,,0.0,,51.7625,,
Latin America & Caribbean,Upper middle income,2012,10030882,,60.0,,54.968750000000014,,
Latin America & Caribbean,Upper middle income,2012,15483883,,60.0,,74.13125,,
Middle East & North Africa,Lower middle income,2012,91240376,,60.0,,72.18124999999999,,
Latin America & Caribbean,Upper middle income,2012,6161289,,60.0,,73.825,,
Sub-Saharan Africa,Upper middle income,2012,1193636,,20.0,,53.91875,,
Sub-Saharan Africa,Low income,2012,3252596,,20.0,,41.337500000000006,,
Europe & Central Asia,High income,2012,1322696,,60.0,,59.575,,
Sub-Saharan Africa,Lower middle income,2012,1111444,,30.0,,60.41875,,
Sub-Saharan Africa,Low income,2012,94451280,,30.0,,68.19375000000001,,
Europe & Central Asia,High income,2012,48392,,0.0,,9.2375,,
East Asia & Pacific,Upper middle income,2012,911059,,50.0,,62.35,,
Europe & Central Asia,High income,2012,5413971,,60.0,,62.931250000000006,,
Europe & Central Asia,High income,2012,65662240,,60.0,,49.13125,,
East Asia & Pacific,High income,2012,286584,,10.0,,13.01875,,
Sub-Saharan Africa,Upper middle income,2012,1836705,,40.0,,48.55625,,
Sub-Saharan Africa,Low income,2012,2061014,,40.0,,60.02499999999999,,
Europe & Central Asia,Upper middle income,2012,3728874,,50.0,,55.675,,
Europe & Central Asia,High income,2012,80425823,,60.0,,50.43124999999999,,
Sub-Saharan Africa,Lower middle income,2012,26858762,,40.0,,69.26249999999999,,
Europe & Central Asia,High income,2012,32160,,0.0,,9.025,,
Europe & Central Asia,High income,2012,11045011,,60.0,,50.29375,,
Europe & Central Asia,High income,2012,56810,,10.0,,10.6125,,
Latin America & Caribbean,Upper middle income,2012,115912,,0.0,,55.13125,,
East Asia & Pacific,High income,2012,166392,,20.0,,13.15625,,
Latin America & Caribbean,Upper middle income,2012,14781942,,40.0,,66.175,,
Sub-Saharan Africa,Lower middle income,2012,10788692,,40.0,,44.03125000000001,,
Sub-Saharan Africa,Low income,2012,1652717,,20.0,,41.275,,
Latin America & Caribbean,High income,2012,743966,,20.0,,61.775000000000006,,
Latin America & Caribbean,Lower middle income,2012,10108539,,60.0,,48.25000000000001,,
Latin America & Caribbean,Lower middle income,2012,8792367,,50.0,,73.7625,,
East Asia & Pacific,High income,2012,7150100,,20.0,,25.38125,,
Europe & Central Asia,High income,2012,9920362,,60.0,,48.243750000000006,,
Europe & Central Asia,High income,2012,320716,,40.0,,47.8875,,
South Asia,Lower middle income,2012,1274487215,,50.0,,58.80624999999999,,
East Asia & Pacific,Upper middle income,2012,250222695,,60.0,,71.19375,,
Middle East & North Africa,Upper middle income,2012,77324451,,60.0,,66.725,,
Middle East & North Africa,Upper middle income,2012,33864447,,40.0,,63.2625,,
Europe & Central Asia,High income,2012,4599533,,60.0,,47.87500000000001,,
Europe & Central Asia,High income,2012,84338,,10.0,,8.18125,,
Middle East & North Africa,High income,2012,7910500,,60.0,,40.31250000000001,,
Europe & Central Asia,High income,2012,59539717,,60.0,,61.28750000000001,,
Latin America & Caribbean,Upper middle income,2012,2759817,,40.0,,64.9875,,
East Asia & Pacific,High income,2012,127629000,,60.0,,58.375,,
Middle East & North Africa,Lower middle income,2012,7211863,,60.0,,69.28125,,
Europe & Central Asia,Upper middle income,2012,16792090,,60.0,,71.11874999999999,,
Sub-Saharan Africa,Lower middle income,2012,43725806,,30.0,,63.00625,,
East Asia & Pacific,Lower middle income,2012,111618,,30.0,,39.9625,,
East Asia & Pacific,Low income,2012,24887770,,0.0,,37.51875,,
East Asia & Pacific,High income,2012,50199853,,60.0,,63.20625,,
Europe & Central Asia,Upper middle income,2012,1807106,,20.0,,,,
Middle East & North Africa,High income,2012,3394663,,30.0,,52.55,,
Europe & Central Asia,Lower middle income,2012,5607200,,60.0,,71.78125,,
East Asia & Pacific,Lower middle income,2012,6508803,,40.0,,65.10625000000002,,
Europe & Central Asia,High income,2012,2034319,,60.0,,47.01875,,
Middle East & North Africa,Lower middle income,2012,5178337,,30.0,,59.4625,,
Sub-Saharan Africa,Lower middle income,2012,2054718,,40.0,,52.1625,,
Sub-Saharan Africa,Low income,2012,4331740,,40.0,,48.58125,,
Middle East & North Africa,Upper middle income,2012,5869870,,40.0,,32.7,,
Europe & Central Asia,High income,2012,36505,,10.0,,20.81875,,
Europe & Central Asia,High income,2012,2987773,,60.0,,46.75,,
Europe & Central Asia,High income,2012,530946,,40.0,,44.5125,,
East Asia & Pacific,High income,2012,582766,,20.0,,19.31875,,
Sub-Saharan Africa,Low income,2012,22966240,,60.0,,66.14374999999998,,
Sub-Saharan Africa,Low income,2012,15581251,,40.0,,62.70625,,
East Asia & Pacific,Upper middle income,2012,29660212,,60.0,,66.3125,,
South Asia,Upper middle income,2012,387539,,30.0,,56.76875,,
Sub-Saharan Africa,Low income,2012,16514687,,50.0,,64.84375,,
Middle East & North Africa,High income,2012,420028,,60.0,,42.1875,,
East Asia & Pacific,Upper middle income,2012,52203,,30.0,,44.3125,,
Sub-Saharan Africa,Lower middle income,2012,3636113,,50.0,,45.68125,,
Sub-Saharan Africa,Upper middle income,2012,1255882,,50.0,,70.45625,,
Latin America & Caribbean,Upper middle income,2012,115755909,,60.0,,74.63125000000001,,
East Asia & Pacific,Lower middle income,2012,108232,,20.0,,41.18750000000001,,
Europe & Central Asia,Upper middle income,2012,2860324,,60.0,,54.85625,,
Europe & Central Asia,High income,2012,34700,,20.0,,13.16875,,
East Asia & Pacific,Upper middle income,2012,2792349,,60.0,,69.4625,,
Europe & Central Asia,Upper middle income,2012,620601,,60.0,,59.18750000000001,,
Middle East & North Africa,Lower middle income,2012,33352169,,40.0,,67.40625,,
Sub-Saharan Africa,Low income,2012,24487611,,30.0,,62.9875,,
East Asia & Pacific,Lower middle income,2012,50218185,,20.0,,57.51875,,
Sub-Saharan Africa,Upper middle income,2012,2167470,,50.0,,58.775,,
East Asia & Pacific,High income,2012,10444,,30.0,,31.762500000000003,,
South Asia,Lower middle income,2012,27330694,,30.0,,70.83749999999999,,
Europe & Central Asia,High income,2012,16754962,,60.0,,49.50000000000001,,
East Asia & Pacific,High income,2012,259000,,0.0,,23.5375,,
East Asia & Pacific,High income,2012,4408100,,60.0,,50.7,,
Latin America & Caribbean,Lower middle income,2012,6030607,,40.0,,71.82499999999999,,
Sub-Saharan Africa,Low income,2012,17954407,,40.0,,67.53125,,
Sub-Saharan Africa,Lower middle income,2012,170075932,,50.0,,51.37500000000001,,
Europe & Central Asia,Upper middle income,2012,1929821,,60.0,,51.5375,,
East Asia & Pacific,High income,2012,52359,,10.0,,9.275,,
Europe & Central Asia,High income,2012,5018573,,60.0,,50.03124999999999,,
Middle East & North Africa,High income,2012,3535579,,30.0,,51.79375,,
South Asia,Lower middle income,2012,202205861,,60.0,,67.675,,
East Asia & Pacific,High income,2012,17946,,0.0,,43.8625,,
Latin America & Caribbean,High income,2012,3754862,,60.0,,68.66250000000001,,
East Asia & Pacific,Lower middle income,2012,8026545,,10.0,,57.24374999999999,,
Latin America & Caribbean,Upper middle income,2012,5923322,,50.0,,70.9375,,
Latin America & Caribbean,Upper middle income,2012,29749589,,50.0,,68.49374999999999,,
East Asia & Pacific,Lower middle income,2012,98032317,,60.0,,69.575,,
Europe & Central Asia,High income,2012,38063164,,60.0,,48.16875,,
Europe & Central Asia,High income,2012,10514844,,60.0,,46.79375,,
Latin America & Caribbean,High income,2012,3634488,,20.0,,19.30625,,
Middle East & North Africa,High income,2012,1905660,,40.0,,38.86875,,
Europe & Central Asia,High income,2012,20058035,,60.0,,60.00625,,
Europe & Central Asia,High income,2012,143378447,,60.0,,55.6375,,
Sub-Saharan Africa,Low income,2012,10840334,,30.0,,49.181250000000006,,
East Asia & Pacific,Lower middle income,2012,198124,,50.0,,58.1375,,
Europe & Central Asia,High income,2012,33132,,0.0,,16.450000000000003,,
Sub-Saharan Africa,Lower middle income,2012,189924,,20.0,,46.056250000000006,,
Middle East & North Africa,High income,2012,30821543,,20.0,,33.825,,
Sub-Saharan Africa,Lower middle income,2012,13231833,,30.0,,61.64999999999999,,
Europe & Central Asia,Upper middle income,2012,7199077,,60.0,,64.28125,,
Sub-Saharan Africa,High income,2012,88303,,20.0,,53.44375,,
Sub-Saharan Africa,Low income,2012,6788587,,30.0,,58.05625,,
East Asia & Pacific,High income,2012,5312437,,60.0,,36.48125,,
Latin America & Caribbean,High income,2012,34640,,0.0,,10.04375,,
Europe & Central Asia,High income,2012,5407579,,60.0,,47.7625,,
Europe & Central Asia,High income,2012,2057159,,60.0,,61.3875,,
East Asia & Pacific,Lower middle income,2012,567763,,30.0,,48.4625,,
Sub-Saharan Africa,Low income,2012,12440326,,0.0,,30.8125,,
Sub-Saharan Africa,Upper middle income,2012,53145033,,60.0,,59.55625,,
Sub-Saharan Africa,Low income,2012,10701604,,30.0,,39.66875,,
Europe & Central Asia,High income,2012,46773055,,60.0,,58.62500000000001,,
South Asia,Lower middle income,2012,21017147,,60.0,,69.09375,,
Latin America & Caribbean,High income,2012,47727,,0.0,,48.41250000000001,,
Latin America & Caribbean,Upper middle income,2012,173124,,40.0,,59.04375,,
Latin America & Caribbean,High income,2012,36026,,0.0,,4.89375,,
Latin America & Caribbean,Upper middle income,2012,108083,,30.0,,53.0125,,
Sub-Saharan Africa,Low income,2012,35159792,,40.0,,57.02499999999999,,
Latin America & Caribbean,Upper middle income,2012,558111,,10.0,,44.73125,,
Europe & Central Asia,High income,2012,9519374,,60.0,,48.55625,,
Europe & Central Asia,High income,2012,7996861,,60.0,,60.05,,
Middle East & North Africa,Low income,2012,22605577,,50.0,,51.41875,,
Europe & Central Asia,Lower middle income,2012,7956382,,60.0,,52.55624999999999,,
Sub-Saharan Africa,Lower middle income,2012,47786137,,50.0,,66.59375,,
East Asia & Pacific,Upper middle income,2012,69157023,,60.0,,58.5125,,
East Asia & Pacific,Lower middle income,2012,1137676,,50.0,,55.8625,,
Sub-Saharan Africa,Low income,2012,6926635,,30.0,,62.05,,
East Asia & Pacific,Upper middle income,2012,107502,,20.0,,52.975,,
Latin America & Caribbean,High income,2012,1430377,,20.0,,62.44375,,
Middle East & North Africa,Lower middle income,2012,11174383,,50.0,,67.0625,,
Europe & Central Asia,Upper middle income,2012,75175827,,60.0,,70.06875,,
Europe & Central Asia,Upper middle income,2012,5458682,,20.0,,35.893750000000004,,
Latin America & Caribbean,High income,2012,32081,,20.0,,11.65625,,
East Asia & Pacific,Upper middle income,2012,10854,,20.0,,32.16250000000001,,
Sub-Saharan Africa,Low income,2012,34273295,,60.0,,66.4125,,
Europe & Central Asia,Upper middle income,2012,45593342,,50.0,,65.4625,,
Middle East & North Africa,High income,2012,8664969,,40.0,,32.85,,
Europe & Central Asia,High income,2012,63700215,,60.0,,58.7125,,
North America,High income,2012,313877662,,60.0,,49.425,,
Latin America & Caribbean,High income,2012,3371133,,60.0,,63.925,,
Europe & Central Asia,Lower middle income,2012,29774500,,0.0,,46.075,,
East Asia & Pacific,Lower middle income,2012,257313,,30.0,,54.962500000000006,,
East Asia & Pacific,Lower middle income,2012,89301326,,60.0,,66.26249999999999,,
Latin America & Caribbean,High income,2012,108188,,0.0,,9.3375,,
Middle East & North Africa,Lower middle income,2012,3979998,,60.0,,54.3625,,
Middle East & North Africa,Low income,2012,26223391,,40.0,,56.35625,,
Sub-Saharan Africa,Lower middle income,2012,14744658,,40.0,,60.49375,,
Sub-Saharan Africa,Lower middle income,2012,13265331,,30.0,,49.81875,,
South Asia,Low income,2011,29249157,,20.0,,47.91875,,
Europe & Central Asia,Upper middle income,2011,2905195,,50.0,,72.35000000000001,,
Middle East & North Africa,Upper middle income,2011,36543541,,40.0,,51.6875,,
East Asia & Pacific,High income,2011,54310,,10.0,,22.01875,,
Europe & Central Asia,High income,2011,70567,,40.0,,22.675000000000004,,
Sub-Saharan Africa,Lower middle income,2011,24259111,,40.0,,69.23125,,
Latin America & Caribbean,High income,2011,86729,,0.0,,54.03750000000001,,
Latin America & Caribbean,Upper middle income,2011,41261490,,60.0,,74.2125,,
Europe & Central Asia,Upper middle income,2011,2928976,,60.0,,63.68125,,
Latin America & Caribbean,High income,2011,101288,,20.0,,18.59375,,
East Asia & Pacific,High income,2011,22340024,,60.0,,62.08125000000001,,
Europe & Central Asia,High income,2011,8391643,,60.0,,61.7,,
Europe & Central Asia,Upper middle income,2011,9173082,,40.0,,58.61875,,
Latin America & Caribbean,High income,2011,377950,,40.0,,35.825,,
Middle East & North Africa,High income,2011,1212077,,30.0,,37.90625,,
South Asia,Lower middle income,2011,150211005,,50.0,,60.41875,,
Latin America & Caribbean,High income,2011,275486,,40.0,,56.68124999999999,,
Europe & Central Asia,Upper middle income,2011,9461643,,50.0,,52.37499999999999,,
Europe & Central Asia,High income,2011,11038264,,60.0,,51.69999999999999,,
Latin America & Caribbean,Upper middle income,2011,329538,,20.0,,62.11875,,
Sub-Saharan Africa,Lower middle income,2011,9726380,,30.0,,53.0375,,
North America,High income,2011,64564,,20.0,,16.49375,,
South Asia,Lower middle income,2011,713331,,40.0,,66.60625,,
Latin America & Caribbean,Lower middle income,2011,10396246,,60.0,,73.38749999999999,,
Europe & Central Asia,Upper middle income,2011,3743142,,60.0,,53.45625,,
Sub-Saharan Africa,Upper middle income,2011,2134037,,50.0,,57.60000000000001,,
Latin America & Caribbean,Upper middle income,2011,198185302,,50.0,,77.3125,,
Latin America & Caribbean,High income,2011,27962,,0.0,,16.65,,
East Asia & Pacific,High income,2011,401506,,20.0,,35.8,,
Europe & Central Asia,High income,2011,7348328,,60.0,,64.08125,,
Sub-Saharan Africa,Low income,2011,16602651,,30.0,,68.9125,,
Sub-Saharan Africa,Low income,2011,9455733,,30.0,,48.3125,,
Sub-Saharan Africa,Lower middle income,2011,527521,,40.0,,63.4,,
East Asia & Pacific,Lower middle income,2011,14573885,,20.0,,65.97500000000001,,
Sub-Saharan Africa,Lower middle income,2011,20448873,,40.0,,68.62499999999999,,
North America,High income,2011,34339221,,60.0,,50.09375,,
Latin America & Caribbean,High income,2011,55492,,20.0,,16.506249999999998,,
Sub-Saharan Africa,Low income,2011,4732022,,20.0,,47.2625,,
Sub-Saharan Africa,Low income,2011,12317730,,30.0,,43.2125,,
Europe & Central Asia,High income,2011,157819,,0.0,,,,
Latin America & Caribbean,High income,2011,17173573,,60.0,,70.59375,,
East Asia & Pacific,Upper middle income,2011,1345035000,,50.0,,52.275000000000006,,
Latin America & Caribbean,Upper middle income,2011,45308899,,60.0,,72.08125,,
Sub-Saharan Africa,Lower middle income,2011,670071,,20.0,,47.2125,,
Sub-Saharan Africa,Low income,2011,68654269,,20.0,,45.78125,,
Sub-Saharan Africa,Lower middle income,2011,4584216,,50.0,,48.37499999999999,,
Latin America & Caribbean,Upper middle income,2011,4679926,,60.0,,74.18125,,
Sub-Saharan Africa,Lower middle income,2011,21562914,,30.0,,61.7,,
Europe & Central Asia,High income,2011,4280622,,60.0,,54.28124999999999,,
Latin America & Caribbean,Upper middle income,2011,11298710,,40.0,,42.19375,,
Latin America & Caribbean,High income,2011,150831,,20.0,,16.662499999999998,,
Europe & Central Asia,High income,2011,1145086,,60.0,,54.06875,,
Europe & Central Asia,High income,2011,10496088,,60.0,,50.75000000000001,,
Europe & Central Asia,High income,2011,5570572,,60.0,,48.13125,,
Middle East & North Africa,Lower middle income,2011,936811,,20.0,,45.7375,,
Latin America & Caribbean,Upper middle income,2011,68742,,0.0,,51.7625,,
Latin America & Caribbean,Upper middle income,2011,9903737,,60.0,,58.81875000000001,,
Latin America & Caribbean,Upper middle income,2011,15237728,,60.0,,69.625,,
Middle East & North Africa,Lower middle income,2011,89200054,,50.0,,69.475,,
Latin America & Caribbean,Upper middle income,2011,6137349,,60.0,,71.1125,,
Sub-Saharan Africa,Upper middle income,2011,1144588,,20.0,,52.66875,,
Sub-Saharan Africa,Low income,2011,3207570,,20.0,,41.4125,,
Europe & Central Asia,High income,2011,1327439,,60.0,,57.01875,,
Sub-Saharan Africa,Lower middle income,2011,1105371,,30.0,,61.83749999999999,,
Sub-Saharan Africa,Low income,2011,91817929,,30.0,,66.94375000000001,,
Europe & Central Asia,High income,2011,48386,,0.0,,9.68125,,
East Asia & Pacific,Upper middle income,2011,908355,,50.0,,60.31875,,
Europe & Central Asia,High income,2011,5388272,,60.0,,60.6375,,
Europe & Central Asia,High income,2011,65345233,,60.0,,47.618750000000006,,
East Asia & Pacific,High income,2011,285265,,10.0,,22.43125,,
Sub-Saharan Africa,Upper middle income,2011,1772500,,40.0,,38.6125,,
Sub-Saharan Africa,Low income,2011,1998212,,20.0,,55.92499999999999,,
Europe & Central Asia,Upper middle income,2011,3756441,,50.0,,55.88125,,
Europe & Central Asia,High income,2011,80274983,,60.0,,47.50625000000001,,
Sub-Saharan Africa,Lower middle income,2011,26205941,,40.0,,67.375,,
Europe & Central Asia,High income,2011,31701,,0.0,,8.73125,,
Europe & Central Asia,High income,2011,11104899,,60.0,,48.95625,,
Europe & Central Asia,High income,2011,56890,,10.0,,11.16875,,
Latin America & Caribbean,Upper middle income,2011,114918,,20.0,,54.09375000000001,,
East Asia & Pacific,High income,2011,165649,,20.0,,13.599999999999998,,
Latin America & Caribbean,Upper middle income,2011,14521515,,50.0,,67.21249999999999,,
Sub-Saharan Africa,Lower middle income,2011,10527712,,20.0,,41.225,,
Sub-Saharan Africa,Low income,2011,1609017,,20.0,,40.025,,
Latin America & Caribbean,High income,2011,744230,,20.0,,60.10625,,
Latin America & Caribbean,Lower middle income,2011,9954312,,40.0,,36.83125,,
Latin America & Caribbean,Lower middle income,2011,8622504,,50.0,,64.04375,,
East Asia & Pacific,High income,2011,7071600,,20.0,,24.73125,,
Europe & Central Asia,High income,2011,9971727,,60.0,,47.00625000000001,,
Europe & Central Asia,High income,2011,319014,,40.0,,43.493750000000006,,
South Asia,Lower middle income,2011,1257621191,,50.0,,56.93125,,
East Asia & Pacific,Upper middle income,2011,247099697,,60.0,,67.2375,,
Middle East & North Africa,Upper middle income,2011,76342971,,60.0,,64.85,,
Middle East & North Africa,Upper middle income,2011,32378061,,30.0,,60.41875000000001,,
Europe & Central Asia,High income,2011,4580084,,60.0,,45.73125000000001,,
Europe & Central Asia,High income,2011,84350,,10.0,,8.40625,,
Middle East & North Africa,High income,2011,7765800,,60.0,,39.79375,,
Europe & Central Asia,High income,2011,59379449,,60.0,,59.07500000000001,,
Latin America & Caribbean,Upper middle income,2011,2746169,,40.0,,64.9875,,
East Asia & Pacific,High income,2011,127833000,,60.0,,57.125,,
Middle East & North Africa,Lower middle income,2011,7109980,,60.0,,65.35,,
Europe & Central Asia,Upper middle income,2011,16557202,,60.0,,69.18124999999999,,
Sub-Saharan Africa,Lower middle income,2011,42635144,,30.0,,62.07499999999999,,
East Asia & Pacific,Lower middle income,2011,109871,,30.0,,39.9625,,
East Asia & Pacific,Low income,2011,24783789,,0.0,,37.51875,,
East Asia & Pacific,High income,2011,49936638,,60.0,,61.775000000000006,,
Europe & Central Asia,Upper middle income,2011,1799338,,20.0,,,,
Middle East & North Africa,High income,2011,3143825,,30.0,,50.1,,
Europe & Central Asia,Lower middle income,2011,5514600,,60.0,,67.9875,,
East Asia & Pacific,Lower middle income,2011,6416327,,40.0,,62.6,,
Europe & Central Asia,High income,2011,2059709,,60.0,,44.3,,
Middle East & North Africa,Lower middle income,2011,5045056,,30.0,,58.775,,
Sub-Saharan Africa,Lower middle income,2011,2037677,,40.0,,52.1625,,
Sub-Saharan Africa,Low income,2011,4181150,,40.0,,50.89375,,
Middle East & North Africa,Upper middle income,2011,6188132,,20.0,,34.612500000000004,,
Europe & Central Asia,High income,2011,36189,,10.0,,21.3,,
Europe & Central Asia,High income,2011,3028115,,60.0,,44.8125,,
Europe & Central Asia,High income,2011,518347,,40.0,,43.618750000000006,,
East Asia & Pacific,High income,2011,571003,,20.0,,19.7625,,
Sub-Saharan Africa,Low income,2011,22348158,,40.0,,64.61250000000001,,
Sub-Saharan Africa,Low income,2011,15146094,,40.0,,60.675,,
East Asia & Pacific,Upper middle income,2011,29184133,,60.0,,66.3125,,
South Asia,Upper middle income,2011,374440,,30.0,,54.89375000000001,,
Sub-Saharan Africa,Low income,2011,16039734,,60.0,,64.84375,,
Middle East & North Africa,High income,2011,416268,,60.0,,41.29375,,
East Asia & Pacific,Upper middle income,2011,52971,,30.0,,46.59375,,
Sub-Saharan Africa,Lower middle income,2011,3524249,,30.0,,44.09375,,
Sub-Saharan Africa,Upper middle income,2011,1252404,,40.0,,66.28750000000001,,
Latin America & Caribbean,Upper middle income,2011,114150481,,60.0,,70.18749999999999,,
East Asia & Pacific,Lower middle income,2011,107887,,20.0,,40.75,,
Europe & Central Asia,Upper middle income,2011,2860699,,60.0,,48.4625,,
Europe & Central Asia,High income,2011,33945,,20.0,,13.16875,,
East Asia & Pacific,Upper middle income,2011,2743938,,60.0,,69.85,,
Europe & Central Asia,Upper middle income,2011,620079,,60.0,,55.85625,,
Middle East & North Africa,Lower middle income,2011,32903699,,50.0,,67.55,,
Sub-Saharan Africa,Low income,2011,23760421,,30.0,,62.9875,,
East Asia & Pacific,Lower middle income,2011,49794522,,20.0,,55.44375,,
Sub-Saharan Africa,Upper middle income,2011,2132340,,50.0,,59.15625,,
East Asia & Pacific,High income,2011,10283,,30.0,,36.025,,
South Asia,Lower middle income,2011,27266399,,30.0,,70.49375,,
Europe & Central Asia,High income,2011,16693074,,60.0,,46.56875,,
East Asia & Pacific,High income,2011,254350,,0.0,,24.09375,,
East Asia & Pacific,High income,2011,4384000,,60.0,,50.18125,,
Latin America & Caribbean,Lower middle income,2011,5942553,,50.0,,61.79375,,
Sub-Saharan Africa,Low income,2011,17283112,,30.0,,57.63125,,
Sub-Saharan Africa,Lower middle income,2011,165463745,,30.0,,52.46875,,
Europe & Central Asia,Upper middle income,2011,1937398,,60.0,,51.5375,,
East Asia & Pacific,High income,2011,52520,,10.0,,9.83125,,
Europe & Central Asia,High income,2011,4953088,,60.0,,47.325,,
Middle East & North Africa,High income,2011,3206870,,30.0,,50.54375,,
South Asia,Lower middle income,2011,198602738,,60.0,,68.44375000000001,,
East Asia & Pacific,High income,2011,18240,,10.0,,33.1375,,
Latin America & Caribbean,High income,2011,3688674,,60.0,,67.4125,,
East Asia & Pacific,Lower middle income,2011,7806637,,30.0,,55.51875,,
Latin America & Caribbean,Upper middle income,2011,5843939,,50.0,,68.025,,
Latin America & Caribbean,Upper middle income,2011,29477721,,50.0,,68.49374999999999,,
East Asia & Pacific,Lower middle income,2011,96337913,,60.0,,69.575,,
Europe & Central Asia,High income,2011,38063255,,60.0,,45.60625,,
Europe & Central Asia,High income,2011,10557560,,60.0,,45.9,,
Latin America & Caribbean,High income,2011,3678732,,20.0,,19.8625,,
Middle East & North Africa,High income,2011,1804171,,40.0,,34.881249999999994,,
Europe & Central Asia,High income,2011,20147528,,60.0,,57.50625,,
Europe & Central Asia,High income,2011,143018195,,60.0,,53.7625,,
Sub-Saharan Africa,Low income,2011,10576932,,30.0,,47.5125,,
East Asia & Pacific,Lower middle income,2011,196351,,40.0,,54.96249999999999,,
Europe & Central Asia,High income,2011,32495,,0.0,,16.60625,,
Sub-Saharan Africa,Lower middle income,2011,186044,,30.0,,44.7375,,
Middle East & North Africa,High income,2011,30150945,,20.0,,39.9375,,
Sub-Saharan Africa,Lower middle income,2011,12875880,,40.0,,64.51249999999999,,
Europe & Central Asia,Upper middle income,2011,7234099,,60.0,,63.23749999999999,,
Sub-Saharan Africa,High income,2011,87441,,20.0,,51.35625,,
Sub-Saharan Africa,Low income,2011,6612385,,30.0,,57.3125,,
East Asia & Pacific,High income,2011,5183688,,60.0,,36.925,,
Latin America & Caribbean,High income,2011,33435,,0.0,,7.987499999999999,,
Europe & Central Asia,High income,2011,5398384,,60.0,,45.10000000000001,,
Europe & Central Asia,High income,2011,2052843,,60.0,,59.34375000000001,,
East Asia & Pacific,Lower middle income,2011,553721,,30.0,,50.9375,,
Sub-Saharan Africa,Low income,2011,12216837,,20.0,,31.4375,,
Sub-Saharan Africa,Upper middle income,2011,52443325,,60.0,,59.29374999999999,,
Sub-Saharan Africa,Low income,2011,10243050,,30.0,,37.2125,,
Europe & Central Asia,High income,2011,46742697,,60.0,,57.11250000000001,,
South Asia,Lower middle income,2011,20859743,,60.0,,69.475,,
Latin America & Caribbean,High income,2011,47581,,0.0,,48.118750000000006,,
Latin America & Caribbean,Upper middle income,2011,172145,,40.0,,53.0125,,
Latin America & Caribbean,High income,2011,36350,,0.0,,5.11875,,
Latin America & Caribbean,Upper middle income,2011,108703,,10.0,,51.18750000000001,,
Sub-Saharan Africa,Low income,2011,34419624,,40.0,,55.81875000000001,,
Latin America & Caribbean,Upper middle income,2011,552146,,30.0,,43.95,,
Europe & Central Asia,High income,2011,9449213,,60.0,,56.1625,,
Europe & Central Asia,High income,2011,7912398,,60.0,,59.15625,,
Middle East & North Africa,Low income,2011,22730733,,60.0,,54.41250000000001,,
Europe & Central Asia,Lower middle income,2011,7784819,,60.0,,49.01875,,
Sub-Saharan Africa,Lower middle income,2011,46416031,,60.0,,64.1,,
East Asia & Pacific,Upper middle income,2011,68712846,,60.0,,55.13125,,
East Asia & Pacific,Lower middle income,2011,1112976,,50.0,,56.49375,,
Sub-Saharan Africa,Low income,2011,6748672,,40.0,,61.78125,,
East Asia & Pacific,Upper middle income,2011,107611,,20.0,,48.875,,
Latin America & Caribbean,High income,2011,1420020,,40.0,,62.32500000000001,,
Middle East & North Africa,Lower middle income,2011,11032528,,50.0,,63.50625000000001,,
Europe & Central Asia,Upper middle income,2011,74223629,,60.0,,70.06875,,
Europe & Central Asia,Upper middle income,2011,5360811,,20.0,,35.099999999999994,,
Latin America & Caribbean,High income,2011,30816,,20.0,,14.39375,,
East Asia & Pacific,Upper middle income,2011,10700,,20.0,,36.84375,,
Sub-Saharan Africa,Low income,2011,33295738,,30.0,,65.54375,,
Europe & Central Asia,Upper middle income,2011,45706086,,50.0,,65.66875,,
Middle East & North Africa,High income,2011,8575205,,40.0,,31.956250000000004,,
Europe & Central Asia,High income,2011,63258810,,60.0,,55.60625,,
North America,High income,2011,311583481,,60.0,,48.8,,
Latin America & Caribbean,High income,2011,3361637,,60.0,,64.19375000000001,,
Europe & Central Asia,Lower middle income,2011,29339400,,20.0,,43.00000000000001,,
East Asia & Pacific,Lower middle income,2011,251294,,30.0,,57.087500000000006,,
East Asia & Pacific,Lower middle income,2011,88349117,,60.0,,64.88125,,
Latin America & Caribbean,High income,2011,108290,,0.0,,10.475,,
Middle East & North Africa,Lower middle income,2011,3882986,,60.0,,54.3625,,
Middle East & North Africa,Low income,2011,25475610,,40.0,,52.7625,,
Sub-Saharan Africa,Lower middle income,2011,14265814,,40.0,,64.49374999999999,,
Sub-Saharan Africa,Lower middle income,2011,13025785,,30.0,,47.94375,,
South Asia,Low income,2010,28189672,,20.0,,46.65625,,
Europe & Central Asia,Upper middle income,2010,2913021,,60.0,,70.01249999999999,,
Middle East & North Africa,Upper middle income,2010,35856344,,40.0,,51.837500000000006,,
East Asia & Pacific,High income,2010,54849,,10.0,,22.7125,,
Europe & Central Asia,High income,2010,71519,,40.0,,22.456250000000004,,
Sub-Saharan Africa,Lower middle income,2010,23364185,,40.0,,64.375,,
Latin America & Caribbean,High income,2010,85695,,0.0,,54.0,,
Latin America & Caribbean,Upper middle income,2010,40788453,,60.0,,75.11250000000001,,
Europe & Central Asia,Upper middle income,2010,2946293,,60.0,,62.14375,,
Latin America & Caribbean,High income,2010,100341,,20.0,,18.85625,,
East Asia & Pacific,High income,2010,22031750,,60.0,,63.40625,,
Europe & Central Asia,High income,2010,8363404,,60.0,,61.19375,,
Europe & Central Asia,Upper middle income,2010,9054332,,50.0,,61.675,,
Latin America & Caribbean,High income,2010,373272,,40.0,,35.5125,,
Middle East & North Africa,High income,2010,1213645,,30.0,,37.89375,,
South Asia,Lower middle income,2010,148391139,,60.0,,58.25625,,
Latin America & Caribbean,High income,2010,274711,,40.0,,57.44999999999999,,
Europe & Central Asia,Upper middle income,2010,9483836,,50.0,,52.09375000000001,,
Europe & Central Asia,High income,2010,10895586,,60.0,,51.14375,,
Latin America & Caribbean,Upper middle income,2010,322106,,40.0,,62.04375,,
Sub-Saharan Africa,Lower middle income,2010,9445710,,30.0,,52.23125,,
North America,High income,2010,65124,,20.0,,16.11875,,
South Asia,Lower middle income,2010,705516,,40.0,,67.46875,,
Latin America & Caribbean,Lower middle income,2010,10223270,,60.0,,72.5875,,
Europe & Central Asia,Upper middle income,2010,3811088,,50.0,,56.40624999999999,,
Sub-Saharan Africa,Upper middle income,2010,2091664,,50.0,,56.85,,
Latin America & Caribbean,Upper middle income,2010,196353492,,50.0,,75.35625,,
Latin America & Caribbean,High income,2010,27556,,0.0,,17.512499999999996,,
East Asia & Pacific,High income,2010,396053,,20.0,,33.806250000000006,,
Europe & Central Asia,High income,2010,7395599,,60.0,,63.01874999999999,,
Sub-Saharan Africa,Low income,2010,16116845,,40.0,,70.54374999999999,,
Sub-Saharan Africa,Low income,2010,9126605,,40.0,,51.0875,,
Sub-Saharan Africa,Lower middle income,2010,521212,,40.0,,61.7,,
East Asia & Pacific,Lower middle income,2010,14363532,,20.0,,66.31875000000001,,
Sub-Saharan Africa,Lower middle income,2010,19878036,,40.0,,66.96874999999999,,
North America,High income,2010,34005902,,60.0,,49.7,,
Latin America & Caribbean,High income,2010,54074,,20.0,,16.54375,,
Sub-Saharan Africa,Low income,2010,4660067,,20.0,,47.26874999999999,,
Sub-Saharan Africa,Low income,2010,11894727,,20.0,,40.63125,,
Europe & Central Asia,High income,2010,156933,,0.0,,,,
Latin America & Caribbean,High income,2010,17004162,,60.0,,70.24374999999999,,
East Asia & Pacific,Upper middle income,2010,1337705000,,50.0,,51.65,,
Latin America & Caribbean,Upper middle income,2010,44816108,,60.0,,71.3625,,
Sub-Saharan Africa,Lower middle income,2010,656024,,20.0,,46.44375,,
Sub-Saharan Africa,Low income,2010,66391257,,40.0,,46.76875,,
Sub-Saharan Africa,Lower middle income,2010,4437884,,40.0,,43.10625,,
Latin America & Caribbean,Upper middle income,2010,4622252,,50.0,,70.53750000000001,,
Sub-Saharan Africa,Lower middle income,2010,21120042,,30.0,,62.13125,,
Europe & Central Asia,High income,2010,4295427,,60.0,,52.13125,,
Latin America & Caribbean,Upper middle income,2010,11290417,,40.0,,43.056250000000006,,
Latin America & Caribbean,High income,2010,148703,,0.0,,14.85,,
Europe & Central Asia,High income,2010,1129686,,60.0,,53.63125,,
Europe & Central Asia,High income,2010,10474410,,60.0,,47.125,,
Europe & Central Asia,High income,2010,5547683,,60.0,,47.7375,,
Middle East & North Africa,Lower middle income,2010,919199,,20.0,,48.675,,
Latin America & Caribbean,Upper middle income,2010,68755,,0.0,,50.65625,,
Latin America & Caribbean,Upper middle income,2010,9775755,,60.0,,57.88125,,
Latin America & Caribbean,Upper middle income,2010,14989585,,60.0,,72.46875,,
Middle East & North Africa,Lower middle income,2010,87252413,,50.0,,69.08125000000001,,
Latin America & Caribbean,Upper middle income,2010,6114034,,60.0,,71.21875,,
Sub-Saharan Africa,Upper middle income,2010,1094524,,0.0,,48.45,,
Sub-Saharan Africa,Low income,2010,3147727,,20.0,,41.35,,
Europe & Central Asia,High income,2010,1331475,,60.0,,56.00000000000001,,
Sub-Saharan Africa,Lower middle income,2010,1099920,,30.0,,60.9875,,
Sub-Saharan Africa,Low income,2010,89237791,,50.0,,62.13125,,
Europe & Central Asia,High income,2010,48410,,0.0,,9.1125,,
East Asia & Pacific,Upper middle income,2010,905169,,50.0,,59.49375,,
Europe & Central Asia,High income,2010,5363352,,60.0,,60.5,,
Europe & Central Asia,High income,2010,65030575,,60.0,,48.05,,
East Asia & Pacific,High income,2010,283788,,10.0,,23.71875,,
Sub-Saharan Africa,Upper middle income,2010,1711105,,30.0,,39.4875,,
Sub-Saharan Africa,Low income,2010,1937275,,20.0,,54.775000000000006,,
Europe & Central Asia,Upper middle income,2010,3786695,,50.0,,55.0875,,
Europe & Central Asia,High income,2010,81776930,,60.0,,46.825,,
Sub-Saharan Africa,Lower middle income,2010,25574719,,50.0,,53.73125,,
Europe & Central Asia,High income,2010,31262,,0.0,,8.73125,,
Europe & Central Asia,High income,2010,11121341,,60.0,,47.3125,,
Europe & Central Asia,High income,2010,56905,,10.0,,10.6375,,
Latin America & Caribbean,Upper middle income,2010,114039,,20.0,,53.337500000000006,,
East Asia & Pacific,High income,2010,164905,,20.0,,13.599999999999998,,
Latin America & Caribbean,Upper middle income,2010,14259687,,50.0,,69.1625,,
Sub-Saharan Africa,Lower middle income,2010,10270728,,20.0,,42.20625,,
Sub-Saharan Africa,Low income,2010,1567220,,20.0,,41.5125,,
Latin America & Caribbean,High income,2010,747932,,20.0,,60.14375,,
Latin America & Caribbean,Lower middle income,2010,9842880,,40.0,,40.325,,
Latin America & Caribbean,Lower middle income,2010,8450933,,50.0,,66.3625,,
East Asia & Pacific,High income,2010,7024200,,20.0,,24.61875,,
Europe & Central Asia,High income,2010,10000023,,60.0,,46.56875,,
Europe & Central Asia,High income,2010,318041,,40.0,,41.44375,,
South Asia,Lower middle income,2010,1240613620,,50.0,,54.65625000000001,,
East Asia & Pacific,Upper middle income,2010,244016173,,60.0,,66.90625,,
Middle East & North Africa,Upper middle income,2010,75373855,,60.0,,63.40625,,
Middle East & North Africa,Upper middle income,2010,31264875,,30.0,,61.875,,
Europe & Central Asia,High income,2010,4560155,,60.0,,45.49375,,
Europe & Central Asia,High income,2010,83828,,10.0,,8.6125,,
Middle East & North Africa,High income,2010,7623600,,60.0,,39.55,,
Europe & Central Asia,High income,2010,59277417,,60.0,,58.68125,,
Latin America & Caribbean,Upper middle income,2010,2733896,,40.0,,60.95,,
East Asia & Pacific,High income,2010,128070000,,60.0,,56.21875000000001,,
Middle East & North Africa,Lower middle income,2010,6931258,,60.0,,64.725,,
Europe & Central Asia,Upper middle income,2010,16321872,,60.0,,66.25625,,
Sub-Saharan Africa,Lower middle income,2010,41517895,,30.0,,64.3625,,
East Asia & Pacific,Lower middle income,2010,107995,,30.0,,43.79375,,
East Asia & Pacific,Low income,2010,24686435,,0.0,,38.225,,
East Asia & Pacific,High income,2010,49554112,,60.0,,61.2875,,
Europe & Central Asia,Upper middle income,2010,1792563,,20.0,,,,
Middle East & North Africa,High income,2010,2943356,,40.0,,38.0125,,
Europe & Central Asia,Lower middle income,2010,5447900,,60.0,,67.70625,,
East Asia & Pacific,Lower middle income,2010,6323418,,40.0,,62.01875,,
Europe & Central Asia,High income,2010,2097555,,60.0,,43.28125,,
Middle East & North Africa,Lower middle income,2010,4995800,,30.0,,57.400000000000006,,
Sub-Saharan Africa,Lower middle income,2010,2022747,,40.0,,53.975,,
Sub-Saharan Africa,Low income,2010,4019956,,40.0,,51.78125,,
Middle East & North Africa,Upper middle income,2010,6491988,,20.0,,36.04375,,
Europe & Central Asia,High income,2010,35926,,10.0,,21.800000000000004,,
Europe & Central Asia,High income,2010,3097282,,60.0,,43.79375,,
Europe & Central Asia,High income,2010,506953,,40.0,,42.6,,
East Asia & Pacific,High income,2010,557297,,20.0,,20.16875,,
Sub-Saharan Africa,Low income,2010,21731053,,60.0,,65.23125,,
Sub-Saharan Africa,Low income,2010,14718422,,40.0,,59.90625000000001,,
East Asia & Pacific,Upper middle income,2010,28717731,,60.0,,65.10000000000001,,
South Asia,Upper middle income,2010,361575,,30.0,,56.50625,,
Sub-Saharan Africa,Low income,2010,15529181,,60.0,,66.99375,,
Middle East & North Africa,High income,2010,414508,,40.0,,40.69375,,
East Asia & Pacific,Upper middle income,2010,53416,,30.0,,46.325,,
Sub-Saharan Africa,Lower middle income,2010,3419461,,30.0,,44.31875,,
Sub-Saharan Africa,Upper middle income,2010,1250400,,40.0,,64.84375,,
Latin America & Caribbean,Upper middle income,2010,112532401,,60.0,,71.78125,,
East Asia & Pacific,Lower middle income,2010,107588,,20.0,,32.61875,,
Europe & Central Asia,Upper middle income,2010,2862354,,60.0,,48.13125,,
Europe & Central Asia,High income,2010,33178,,20.0,,13.08125,,
East Asia & Pacific,Upper middle income,2010,2702520,,40.0,,69.5875,,
Europe & Central Asia,Upper middle income,2010,619428,,60.0,,54.025,,
Middle East & North Africa,Lower middle income,2010,32464865,,50.0,,66.6,,
Sub-Saharan Africa,Low income,2010,23073723,,30.0,,60.38125,,
East Asia & Pacific,Lower middle income,2010,49390988,,20.0,,55.29375,,
Sub-Saharan Africa,Upper middle income,2010,2099271,,50.0,,60.15625,,
East Asia & Pacific,High income,2010,10241,,20.0,,34.4625,,
South Asia,Lower middle income,2010,27161567,,30.0,,67.24375,,
Europe & Central Asia,High income,2010,16615394,,60.0,,44.88125000000001,,
East Asia & Pacific,High income,2010,249750,,0.0,,24.13125,,
East Asia & Pacific,High income,2010,4350700,,60.0,,50.475,,
Latin America & Caribbean,Lower middle income,2010,5855734,,60.0,,64.60625,,
Sub-Saharan Africa,Low income,2010,16647543,,30.0,,59.56875,,
Sub-Saharan Africa,Lower middle income,2010,160952853,,20.0,,50.368750000000006,,
Europe & Central Asia,Upper middle income,2010,1946298,,60.0,,46.7375,,
East Asia & Pacific,High income,2010,54087,,10.0,,9.83125,,
Europe & Central Asia,High income,2010,4889252,,60.0,,46.5125,,
Middle East & North Africa,High income,2010,2881914,,30.0,,48.3625,,
South Asia,Lower middle income,2010,194454498,,60.0,,66.03125000000001,,
East Asia & Pacific,High income,2010,18540,,10.0,,33.325,,
Latin America & Caribbean,High income,2010,3623617,,60.0,,65.48125,,
East Asia & Pacific,Lower middle income,2010,7583269,,30.0,,55.44375,,
Latin America & Caribbean,Upper middle income,2010,5768613,,50.0,,68.36875,,
Latin America & Caribbean,Upper middle income,2010,29229572,,50.0,,66.13125,,
East Asia & Pacific,Lower middle income,2010,94636700,,60.0,,69.8125,,
Europe & Central Asia,High income,2010,38042794,,60.0,,44.49375,,
Europe & Central Asia,High income,2010,10573100,,60.0,,44.94375,,
Latin America & Caribbean,High income,2010,3721525,,20.0,,19.9,,
Middle East & North Africa,High income,2010,1713504,,40.0,,33.88125,,
Europe & Central Asia,High income,2010,20246871,,60.0,,53.94375,,
Europe & Central Asia,High income,2010,142849468,,60.0,,53.1375,,
Sub-Saharan Africa,Low income,2010,10309031,,50.0,,46.118750000000006,,
East Asia & Pacific,Lower middle income,2010,194672,,40.0,,55.39999999999999,,
Europe & Central Asia,High income,2010,31608,,0.0,,16.562500000000004,,
Sub-Saharan Africa,Lower middle income,2010,182138,,30.0,,46.1375,,
Middle East & North Africa,High income,2010,29411929,,20.0,,41.08125,,
Sub-Saharan Africa,Lower middle income,2010,12530121,,30.0,,59.91874999999999,,
Europe & Central Asia,Upper middle income,2010,7291436,,60.0,,59.825,,
Sub-Saharan Africa,High income,2010,89770,,20.0,,51.18125,,
Sub-Saharan Africa,Low income,2010,6436698,,20.0,,53.1625,,
East Asia & Pacific,High income,2010,5076732,,60.0,,35.300000000000004,,
Latin America & Caribbean,High income,2010,34056,,0.0,,7.543749999999999,,
Europe & Central Asia,High income,2010,5391428,,60.0,,44.6625,,
Europe & Central Asia,High income,2010,2048583,,60.0,,57.38749999999999,,
East Asia & Pacific,Lower middle income,2010,540394,,30.0,,50.7625,,
Sub-Saharan Africa,Low income,2010,12026649,,20.0,,34.78125,,
Sub-Saharan Africa,Upper middle income,2010,51784921,,60.0,,58.23125,,
Sub-Saharan Africa,Low income,2010,9714419,,30.0,,25.418750000000003,,
Europe & Central Asia,High income,2010,46576897,,60.0,,56.7625,,
South Asia,Lower middle income,2010,20668557,,60.0,,67.39375,,
Latin America & Caribbean,High income,2010,47403,,0.0,,47.3875,,
Latin America & Caribbean,Upper middle income,2010,170935,,40.0,,53.84375,,
Latin America & Caribbean,High income,2010,36458,,0.0,,5.11875,,
Latin America & Caribbean,Upper middle income,2010,109308,,30.0,,51.931250000000006,,
Sub-Saharan Africa,Low income,2010,33739933,,40.0,,52.59375000000001,,
Latin America & Caribbean,Upper middle income,2010,546080,,30.0,,44.04375,,
Europe & Central Asia,High income,2010,9378126,,60.0,,55.725,,
Europe & Central Asia,High income,2010,7824909,,60.0,,60.59375,,
Middle East & North Africa,Low income,2010,22337563,,60.0,,57.06875,,
Europe & Central Asia,Lower middle income,2010,7621779,,60.0,,48.24375,,
Sub-Saharan Africa,Lower middle income,2010,45110527,,50.0,,67.64375,,
East Asia & Pacific,Upper middle income,2010,68270489,,60.0,,56.35625,,
East Asia & Pacific,Lower middle income,2010,1088486,,50.0,,57.31875000000001,,
Sub-Saharan Africa,Low income,2010,6571855,,20.0,,60.806250000000006,,
East Asia & Pacific,Upper middle income,2010,107383,,20.0,,48.96875,,
Latin America & Caribbean,High income,2010,1410296,,40.0,,56.89999999999999,,
Middle East & North Africa,Lower middle income,2010,10895063,,60.0,,66.45,,
Europe & Central Asia,Upper middle income,2010,73142150,,60.0,,68.85625,,
Europe & Central Asia,Upper middle income,2010,5267970,,20.0,,37.8,,
Latin America & Caribbean,High income,2010,29726,,20.0,,14.187499999999996,,
East Asia & Pacific,Upper middle income,2010,10550,,20.0,,37.38125,,
Sub-Saharan Africa,Low income,2010,32341728,,50.0,,66.57499999999999,,
Europe & Central Asia,Upper middle income,2010,45870741,,60.0,,65.29374999999999,,
Middle East & North Africa,High income,2010,8481771,,40.0,,31.325000000000003,,
Europe & Central Asia,High income,2010,62766365,,60.0,,53.60625,,
North America,High income,2010,309327143,,60.0,,49.66875,,
Latin America & Caribbean,High income,2010,3352651,,60.0,,64.73124999999999,,
Europe & Central Asia,Lower middle income,2010,28562400,,20.0,,45.1875,,
East Asia & Pacific,Lower middle income,2010,245453,,30.0,,56.1875,,
East Asia & Pacific,Lower middle income,2010,87411012,,60.0,,63.425,,
Latin America & Caribbean,High income,2010,108357,,0.0,,10.475,,
Middle East & North Africa,Lower middle income,2010,3786161,,60.0,,53.76875,,
Middle East & North Africa,Low income,2010,24743946,,40.0,,49.93125,,
Sub-Saharan Africa,Lower middle income,2010,13792086,,40.0,,65.31875000000001,,
Sub-Saharan Africa,Lower middle income,2010,12839771,,20.0,,43.31875,,
South Asia,Low income,2009,27385307,,20.0,,50.20625,,
Europe & Central Asia,Upper middle income,2009,2927519,,40.0,,73.05,,
Middle East & North Africa,Upper middle income,2009,35196037,,20.0,,56.34374999999999,,
East Asia & Pacific,High income,2009,55366,,0.0,,25.2875,,
Europe & Central Asia,High income,2009,73852,,20.0,,21.875,,
Sub-Saharan Africa,Lower middle income,2009,22507674,,20.0,,63.95,,
Latin America & Caribbean,High income,2009,84534,,0.0,,55.08125,,
Latin America & Caribbean,Upper middle income,2009,40684338,,40.0,,78.46249999999999,,
Europe & Central Asia,Upper middle income,2009,2964296,,40.0,,66.4125,,
Latin America & Caribbean,High income,2009,99212,,0.0,,18.975,,
East Asia & Pacific,High income,2009,21691653,,40.0,,65.97500000000001,,
Europe & Central Asia,High income,2009,8343323,,40.0,,62.30625,,
Europe & Central Asia,Upper middle income,2009,8947243,,40.0,,66.52499999999999,,
Latin America & Caribbean,High income,2009,368057,,20.0,,35.7875,,
Middle East & North Africa,High income,2009,1179453,,20.0,,38.675,,
South Asia,Lower middle income,2009,146706810,,30.0,,61.20000000000001,,
Latin America & Caribbean,High income,2009,273791,,20.0,,61.19375,,
Europe & Central Asia,Upper middle income,2009,9504583,,40.0,,58.06875,,
Europe & Central Asia,High income,2009,10796493,,40.0,,52.79375,,
Latin America & Caribbean,Upper middle income,2009,314171,,20.0,,64.89375000000001,,
Sub-Saharan Africa,Lower middle income,2009,9172514,,20.0,,53.66875,,
North America,High income,2009,65636,,0.0,,16.818749999999998,,
South Asia,Lower middle income,2009,697678,,20.0,,67.6875,,
Latin America & Caribbean,Lower middle income,2009,10051317,,40.0,,77.59375,,
Europe & Central Asia,Upper middle income,2009,3877750,,30.0,,60.093750000000014,,
Sub-Saharan Africa,Upper middle income,2009,2048997,,30.0,,61.80625,,
Latin America & Caribbean,Upper middle income,2009,194517549,,40.0,,78.975,,
Latin America & Caribbean,High income,2009,27044,,0.0,,18.656250000000004,,
East Asia & Pacific,High income,2009,390311,,20.0,,36.30625,,
Europe & Central Asia,High income,2009,7444443,,40.0,,61.30625,,
Sub-Saharan Africa,Low income,2009,15650022,,30.0,,69.1375,,
Sub-Saharan Africa,Low income,2009,8709366,,30.0,,50.38125,,
Sub-Saharan Africa,Lower middle income,2009,515638,,20.0,,66.25,,
East Asia & Pacific,Lower middle income,2009,14155740,,20.0,,70.0125,,
Sub-Saharan Africa,Lower middle income,2009,19319274,,30.0,,70.16875,,
North America,High income,2009,33630069,,40.0,,49.9375,,
Latin America & Caribbean,High income,2009,52602,,0.0,,17.15,,
Sub-Saharan Africa,Low income,2009,4564540,,20.0,,47.75625000000001,,
Sub-Saharan Africa,Low income,2009,11496128,,20.0,,37.81875,,
Europe & Central Asia,High income,2009,155721,,0.0,,,,
Latin America & Caribbean,High income,2009,16833447,,40.0,,74.73749999999998,,
East Asia & Pacific,Upper middle income,2009,1331260000,,40.0,,51.20625000000001,,
Latin America & Caribbean,Upper middle income,2009,44313917,,40.0,,71.60624999999999,,
Sub-Saharan Africa,Lower middle income,2009,642493,,20.0,,50.175,,
Sub-Saharan Africa,Low income,2009,64270232,,20.0,,50.71875,,
Sub-Saharan Africa,Lower middle income,2009,4257230,,20.0,,50.975,,
Latin America & Caribbean,Upper middle income,2009,4563127,,40.0,,71.85,,
Sub-Saharan Africa,Lower middle income,2009,20677762,,30.0,,65.99375,,
Europe & Central Asia,High income,2009,4305181,,40.0,,53.35625,,
Latin America & Caribbean,Upper middle income,2009,11283185,,20.0,,45.15,,
Latin America & Caribbean,High income,2009,146833,,0.0,,14.543750000000005,,
Europe & Central Asia,High income,2009,1110974,,20.0,,52.82500000000001,,
Europe & Central Asia,High income,2009,10443936,,40.0,,46.09374999999999,,
Europe & Central Asia,High income,2009,5523095,,40.0,,47.6375,,
Middle East & North Africa,Lower middle income,2009,901103,,20.0,,50.76875,,
Latin America & Caribbean,Upper middle income,2009,68787,,0.0,,51.5625,,
Latin America & Caribbean,Upper middle income,2009,9648061,,40.0,,60.1625,,
Latin America & Caribbean,Upper middle income,2009,14742766,,40.0,,76.5,,
Middle East & North Africa,Lower middle income,2009,85501064,,40.0,,72.15,,
Latin America & Caribbean,Upper middle income,2009,6091188,,40.0,,73.76249999999999,,
Sub-Saharan Africa,Upper middle income,2009,1043686,,20.0,,38.81250000000001,,
Sub-Saharan Africa,Low income,2009,3083888,,20.0,,38.98125,,
Europe & Central Asia,High income,2009,1334515,,40.0,,53.79375000000001,,
Sub-Saharan Africa,Lower middle income,2009,1094886,,30.0,,62.71249999999999,,
Sub-Saharan Africa,Low income,2009,86755585,,30.0,,65.36874999999999,,
Europe & Central Asia,High income,2009,48429,,0.0,,9.76875,,
East Asia & Pacific,Upper middle income,2009,901383,,30.0,,63.9875,,
Europe & Central Asia,High income,2009,5338871,,40.0,,58.5125,,
Europe & Central Asia,High income,2009,64710879,,40.0,,47.0875,,
East Asia & Pacific,High income,2009,282283,,0.0,,25.05,,
Sub-Saharan Africa,Upper middle income,2009,1653542,,20.0,,43.806250000000006,,
Sub-Saharan Africa,Low income,2009,1878119,,20.0,,56.43749999999999,,
Europe & Central Asia,Upper middle income,2009,3814419,,40.0,,61.46874999999999,,
Europe & Central Asia,High income,2009,81902307,,40.0,,46.275,,
Sub-Saharan Africa,Lower middle income,2009,24950762,,30.0,,57.31875,,
Europe & Central Asia,High income,2009,30819,,0.0,,9.53125,,
Europe & Central Asia,High income,2009,11107017,,40.0,,47.325,,
Europe & Central Asia,High income,2009,56323,,0.0,,11.79375,,
Latin America & Caribbean,Upper middle income,2009,113249,,0.0,,56.8875,,
East Asia & Pacific,High income,2009,164580,,0.0,,16.687500000000004,,
Latin America & Caribbean,Upper middle income,2009,14000190,,30.0,,71.125,,
Sub-Saharan Africa,Lower middle income,2009,10021323,,20.0,,47.0875,,
Sub-Saharan Africa,Low income,2009,1527196,,20.0,,40.73125,,
Latin America & Caribbean,High income,2009,751258,,20.0,,60.9875,,
Latin America & Caribbean,Lower middle income,2009,9730638,,20.0,,44.20625,,
Latin America & Caribbean,Lower middle income,2009,8277302,,40.0,,69.97500000000001,,
East Asia & Pacific,High income,2009,6972800,,0.0,,26.412500000000005,,
Europe & Central Asia,High income,2009,10022650,,40.0,,45.3875,,
Europe & Central Asia,High income,2009,318499,,20.0,,41.38125,,
South Asia,Lower middle income,2009,1223640160,,40.0,,58.64999999999999,,
East Asia & Pacific,Upper middle income,2009,240981299,,40.0,,69.53125,,
Middle East & North Africa,Upper middle income,2009,74322685,,40.0,,64.21249999999999,,
Middle East & North Africa,Upper middle income,2009,30289040,,20.0,,64.28750000000001,,
Europe & Central Asia,High income,2009,4535375,,40.0,,46.20624999999999,,
Europe & Central Asia,High income,2009,82915,,0.0,,8.787500000000001,,
Middle East & North Africa,High income,2009,7485600,,40.0,,41.15625,,
Europe & Central Asia,High income,2009,59095365,,40.0,,47.66875,,
Latin America & Caribbean,Upper middle income,2009,2722401,,30.0,,62.80000000000001,,
East Asia & Pacific,High income,2009,128047000,,40.0,,54.16875,,
Middle East & North Africa,Lower middle income,2009,6780493,,20.0,,67.77499999999999,,
Europe & Central Asia,Upper middle income,2009,16092822,,40.0,,71.3875,,
Sub-Saharan Africa,Lower middle income,2009,40364444,,20.0,,70.775,,
East Asia & Pacific,Lower middle income,2009,105996,,20.0,,46.35625,,
East Asia & Pacific,Low income,2009,24581509,,0.0,,40.66875,,
East Asia & Pacific,High income,2009,49307835,,40.0,,61.00625,,
Europe & Central Asia,Upper middle income,2009,1797466,,20.0,,,,
Middle East & North Africa,High income,2009,2795550,,20.0,,41.44375,,
Europe & Central Asia,Lower middle income,2009,5383300,,40.0,,69.83749999999999,,
East Asia & Pacific,Lower middle income,2009,6229930,,30.0,,61.79375,,
Europe & Central Asia,High income,2009,2141669,,40.0,,42.68125,,
Middle East & North Africa,Lower middle income,2009,4951135,,20.0,,61.225,,
Sub-Saharan Africa,Lower middle income,2009,2009169,,20.0,,53.325,,
Sub-Saharan Africa,Low income,2009,3905066,,20.0,,50.00625000000001,,
Middle East & North Africa,Upper middle income,2009,6360191,,20.0,,39.0375,,
Europe & Central Asia,High income,2009,35675,,0.0,,20.59375,,
Europe & Central Asia,High income,2009,3162916,,40.0,,43.375,,
Europe & Central Asia,High income,2009,497783,,20.0,,40.84374999999999,,
East Asia & Pacific,High income,2009,543021,,0.0,,21.356250000000003,,
Sub-Saharan Africa,Low income,2009,21117092,,30.0,,64.10625,,
Sub-Saharan Africa,Low income,2009,14298932,,20.0,,60.23125,,
East Asia & Pacific,Upper middle income,2009,28217204,,40.0,,68.2125,,
South Asia,Upper middle income,2009,349037,,20.0,,58.7,,
Sub-Saharan Africa,Low income,2009,15032635,,40.0,,64.75625000000001,,
Middle East & North Africa,High income,2009,412477,,20.0,,39.66875,,
East Asia & Pacific,Upper middle income,2009,53593,,20.0,,48.04375000000001,,
Sub-Saharan Africa,Lower middle income,2009,3322616,,40.0,,47.13125,,
Sub-Saharan Africa,Upper middle income,2009,1247429,,20.0,,68.26249999999999,,
Latin America & Caribbean,Upper middle income,2009,111049428,,40.0,,74.0625,,
East Asia & Pacific,Lower middle income,2009,107868,,20.0,,36.087500000000006,,
Europe & Central Asia,Upper middle income,2009,2865213,,40.0,,54.78124999999999,,
Europe & Central Asia,High income,2009,32401,,20.0,,14.975,,
East Asia & Pacific,Upper middle income,2009,2666713,,20.0,,70.26875,,
Europe & Central Asia,Upper middle income,2009,618294,,40.0,,57.05,,
Middle East & North Africa,Lower middle income,2009,32042877,,30.0,,69.13125,,
Sub-Saharan Africa,Low income,2009,22436660,,30.0,,62.01875,,
East Asia & Pacific,Lower middle income,2009,49015836,,20.0,,58.868750000000006,,
Sub-Saharan Africa,Upper middle income,2009,2067919,,30.0,,63.1375,,
East Asia & Pacific,High income,2009,10233,,20.0,,35.143750000000004,,
South Asia,Lower middle income,2009,27026941,,20.0,,65.67500000000001,,
Europe & Central Asia,High income,2009,16530388,,40.0,,44.2875,,
East Asia & Pacific,High income,2009,245950,,0.0,,25.70625,,
East Asia & Pacific,High income,2009,4302600,,40.0,,52.6375,,
Latin America & Caribbean,Lower middle income,2009,5770639,,40.0,,69.0875,,
Sub-Saharan Africa,Low income,2009,16037915,,20.0,,62.60625000000001,,
Sub-Saharan Africa,Lower middle income,2009,156595758,,20.0,,52.93750000000001,,
Europe & Central Asia,Upper middle income,2009,1958782,,40.0,,49.66875,,
East Asia & Pacific,High income,2009,57056,,0.0,,9.8,,
Europe & Central Asia,High income,2009,4828726,,40.0,,46.8625,,
Middle East & North Africa,High income,2009,2697537,,20.0,,50.68750000000001,,
South Asia,Lower middle income,2009,190123222,,40.0,,69.9625,,
East Asia & Pacific,High income,2009,18826,,20.0,,35.125,,
Latin America & Caribbean,High income,2009,3559343,,20.0,,68.70000000000002,,
East Asia & Pacific,Lower middle income,2009,7358890,,20.0,,55.73125,,
Latin America & Caribbean,Upper middle income,2009,5702574,,40.0,,73.12499999999999,,
Latin America & Caribbean,Upper middle income,2009,29009326,,40.0,,70.53125,,
East Asia & Pacific,Lower middle income,2009,92946951,,40.0,,73.1,,
Europe & Central Asia,High income,2009,38151603,,40.0,,44.29375,,
Europe & Central Asia,High income,2009,10568247,,40.0,,45.1375,,
Latin America & Caribbean,High income,2009,3740410,,0.0,,20.56875,,
Middle East & North Africa,High income,2009,1610274,,20.0,,37.5875,,
Europe & Central Asia,High income,2009,20367487,,40.0,,53.03125000000001,,
Europe & Central Asia,High income,2009,142785348,,40.0,,51.6875,,
Sub-Saharan Africa,Low income,2009,10043737,,30.0,,46.05625,,
East Asia & Pacific,Lower middle income,2009,193176,,30.0,,56.400000000000006,,
Europe & Central Asia,High income,2009,31059,,0.0,,15.456250000000002,,
Sub-Saharan Africa,Lower middle income,2009,178128,,20.0,,47.618750000000006,,
Middle East & North Africa,High income,2009,28483797,,20.0,,44.90625,,
Sub-Saharan Africa,Lower middle income,2009,12195029,,20.0,,63.45,,
Europe & Central Asia,Upper middle income,2009,7320807,,40.0,,62.03125000000001,,
Sub-Saharan Africa,High income,2009,87298,,0.0,,55.26875,,
Sub-Saharan Africa,Low income,2009,6259842,,20.0,,56.3125,,
East Asia & Pacific,High income,2009,4987573,,40.0,,37.11249999999999,,
Latin America & Caribbean,High income,2009,34238,,0.0,,6.50625,,
Europe & Central Asia,High income,2009,5386406,,40.0,,44.0375,,
Europe & Central Asia,High income,2009,2039669,,40.0,,55.33749999999999,,
East Asia & Pacific,Lower middle income,2009,527833,,20.0,,55.26875,,
Sub-Saharan Africa,Low income,2009,11730037,,20.0,,37.51875,,
Sub-Saharan Africa,Upper middle income,2009,51170779,,40.0,,59.36874999999999,,
Sub-Saharan Africa,Low income,2009,9229227,,20.0,,22.1875,,
Europe & Central Asia,High income,2009,46362946,,40.0,,56.10624999999999,,
South Asia,Lower middle income,2009,20482477,,40.0,,68.93125,,
Latin America & Caribbean,High income,2009,47286,,0.0,,45.95625,,
Latin America & Caribbean,Upper middle income,2009,169688,,0.0,,56.275,,
Latin America & Caribbean,High income,2009,36132,,0.0,,5.41875,,
Latin America & Caribbean,Upper middle income,2009,109840,,20.0,,53.675,,
Sub-Saharan Africa,Low income,2009,32948155,,20.0,,52.18125000000001,,
Latin America & Caribbean,Upper middle income,2009,539987,,20.0,,45.59375,,
Europe & Central Asia,High income,2009,9298515,,40.0,,54.90624999999999,,
Europe & Central Asia,High income,2009,7743831,,40.0,,59.9125,,
Middle East & North Africa,Low income,2009,21827220,,40.0,,60.45,,
Europe & Central Asia,Lower middle income,2009,7468596,,40.0,,49.39375,,
Sub-Saharan Africa,Lower middle income,2009,43957933,,30.0,,67.12499999999999,,
East Asia & Pacific,Upper middle income,2009,67813654,,40.0,,56.42499999999999,,
East Asia & Pacific,Lower middle income,2009,1065540,,30.0,,55.243750000000006,,
Sub-Saharan Africa,Low income,2009,6398624,,20.0,,63.4,,
East Asia & Pacific,Upper middle income,2009,107144,,20.0,,51.4,,
Latin America & Caribbean,High income,2009,1401191,,20.0,,60.55625000000001,,
Middle East & North Africa,Lower middle income,2009,10784504,,20.0,,68.5375,,
Europe & Central Asia,Upper middle income,2009,72039206,,40.0,,70.77499999999999,,
Europe & Central Asia,Upper middle income,2009,5180957,,20.0,,40.6,,
Latin America & Caribbean,High income,2009,28581,,0.0,,14.656250000000002,,
East Asia & Pacific,Upper middle income,2009,10408,,20.0,,37.2,,
Sub-Saharan Africa,Low income,2009,31412520,,40.0,,68.1875,,
Europe & Central Asia,Upper middle income,2009,46053331,,40.0,,65.78125,,
Middle East & North Africa,High income,2009,7992644,,20.0,,31.4375,,
Europe & Central Asia,High income,2009,62276270,,40.0,,53.06875,,
North America,High income,2009,306771529,,40.0,,48.80625,,
Latin America & Caribbean,High income,2009,3344156,,40.0,,67.67500000000001,,
Europe & Central Asia,Lower middle income,2009,27767400,,20.0,,46.29375,,
East Asia & Pacific,Lower middle income,2009,239689,,20.0,,57.50625,,
East Asia & Pacific,Lower middle income,2009,86482923,,40.0,,62.131250000000016,,
Latin America & Caribbean,High income,2009,108404,,0.0,,10.59375,,
Middle East & North Africa,Lower middle income,2009,3689099,,40.0,,53.88125,,
Middle East & North Africa,Low income,2009,24029589,,20.0,,56.81874999999999,,
Sub-Saharan Africa,Lower middle income,2009,13318087,,40.0,,64.93125,,
Sub-Saharan Africa,Lower middle income,2009,12679810,,20.0,,47.5125,,
South Asia,Low income,2008,26427199,,20.0,,50.95,,
Europe & Central Asia,Upper middle income,2008,2947314,,40.0,,71.85000000000001,,
Middle East & North Africa,Upper middle income,2008,34569592,,20.0,,56.45625,,
East Asia & Pacific,High income,2008,55891,,0.0,,16.431250000000002,,
Europe & Central Asia,High income,2008,76055,,20.0,,21.875,,
Sub-Saharan Africa,Lower middle income,2008,21691522,,20.0,,65.2625,,
Latin America & Caribbean,High income,2008,83251,,0.0,,54.03750000000001,,
Latin America & Caribbean,Upper middle income,2008,40273769,,40.0,,77.11874999999999,,
Europe & Central Asia,Upper middle income,2008,2983421,,40.0,,62.375,,
Latin America & Caribbean,High income,2008,97996,,0.0,,18.975,,
East Asia & Pacific,High income,2008,21249199,,40.0,,53.63125,,
Europe & Central Asia,High income,2008,8321496,,40.0,,61.4125,,
Europe & Central Asia,Upper middle income,2008,8763400,,40.0,,65.35,,
Latin America & Caribbean,High income,2008,362795,,20.0,,35.09374999999999,,
Middle East & North Africa,High income,2008,1110343,,20.0,,44.36875,,
South Asia,Lower middle income,2008,145421318,,30.0,,60.5,,
Latin America & Caribbean,High income,2008,272635,,20.0,,60.34375000000001,,
Europe & Central Asia,Upper middle income,2008,9527985,,40.0,,56.55,,
Europe & Central Asia,High income,2008,10709973,,40.0,,52.16875,,
Latin America & Caribbean,Upper middle income,2008,305671,,20.0,,63.4625,,
Sub-Saharan Africa,Lower middle income,2008,8906469,,20.0,,52.96875,,
North America,High income,2008,65273,,0.0,,16.68125,,
South Asia,Lower middle income,2008,689737,,20.0,,66.99374999999999,,
Latin America & Caribbean,Lower middle income,2008,9880593,,40.0,,76.03125,,
Europe & Central Asia,Upper middle income,2008,3943392,,30.0,,58.70625000000002,,
Sub-Saharan Africa,Upper middle income,2008,2007320,,20.0,,56.31875000000001,,
Latin America & Caribbean,Upper middle income,2008,192672317,,40.0,,75.86874999999999,,
Latin America & Caribbean,High income,2008,26115,,0.0,,18.656250000000004,,
East Asia & Pacific,High income,2008,384568,,20.0,,36.08125,,
Europe & Central Asia,High income,2008,7492561,,40.0,,59.3,,
Sub-Saharan Africa,Low income,2008,15197915,,30.0,,63.5875,,
Sub-Saharan Africa,Low income,2008,8278109,,30.0,,50.075,,
Sub-Saharan Africa,Lower middle income,2008,510336,,20.0,,52.91250000000001,,
East Asia & Pacific,Lower middle income,2008,13943888,,20.0,,70.33749999999999,,
Sub-Saharan Africa,Lower middle income,2008,18777081,,30.0,,68.25625,,
North America,High income,2008,33247298,,40.0,,49.9375,,
Latin America & Caribbean,High income,2008,51123,,0.0,,17.09375,,
Sub-Saharan Africa,Low income,2008,4467233,,20.0,,47.3625,,
Sub-Saharan Africa,Low income,2008,11098664,,20.0,,40.51875,,
Europe & Central Asia,High income,2008,154475,,0.0,,,,
Latin America & Caribbean,High income,2008,16661462,,30.0,,72.65625,,
East Asia & Pacific,Upper middle income,2008,1324655000,,40.0,,51.20625000000001,,
Latin America & Caribbean,Upper middle income,2008,43815313,,40.0,,71.45624999999998,,
Sub-Saharan Africa,Lower middle income,2008,629470,,0.0,,54.56249999999999,,
Sub-Saharan Africa,Low income,2008,62249724,,20.0,,52.4125,,
Sub-Saharan Africa,Lower middle income,2008,4089602,,20.0,,50.75625,,
Latin America & Caribbean,Upper middle income,2008,4501921,,40.0,,71.85,,
Sub-Saharan Africa,Lower middle income,2008,20244449,,30.0,,63.70625,,
Europe & Central Asia,High income,2008,4309705,,40.0,,51.04375,,
Latin America & Caribbean,Upper middle income,2008,11276609,,20.0,,45.81875,,
Latin America & Caribbean,High income,2008,145880,,0.0,,14.543750000000005,,
Europe & Central Asia,High income,2008,1092390,,40.0,,52.82500000000001,,
Europe & Central Asia,High income,2008,10384603,,40.0,,44.775,,
Europe & Central Asia,High income,2008,5493621,,40.0,,46.118750000000006,,
Middle East & North Africa,Lower middle income,2008,882886,,20.0,,49.9625,,
Latin America & Caribbean,Upper middle income,2008,68782,,0.0,,51.5625,,
Latin America & Caribbean,Upper middle income,2008,9522948,,40.0,,60.1625,,
Latin America & Caribbean,Upper middle income,2008,14496797,,40.0,,75.80624999999999,,
Middle East & North Africa,Lower middle income,2008,83844783,,40.0,,70.82499999999999,,
Latin America & Caribbean,Upper middle income,2008,6068099,,40.0,,72.14999999999999,,
Sub-Saharan Africa,Upper middle income,2008,994971,,0.0,,41.08125,,
Sub-Saharan Africa,Low income,2008,3005779,,20.0,,38.68124999999999,,
Europe & Central Asia,High income,2008,1337090,,40.0,,53.1,,
Sub-Saharan Africa,Lower middle income,2008,1089870,,20.0,,59.587500000000006,,
Sub-Saharan Africa,Low income,2008,84357105,,30.0,,68.49374999999999,,
Europe & Central Asia,High income,2008,48411,,0.0,,9.76875,,
East Asia & Pacific,Upper middle income,2008,896731,,30.0,,64.65625,,
Europe & Central Asia,High income,2008,5313399,,40.0,,58.5125,,
Europe & Central Asia,High income,2008,64379696,,40.0,,47.0875,,
East Asia & Pacific,High income,2008,280558,,0.0,,25.05,,
Sub-Saharan Africa,Upper middle income,2008,1599978,,0.0,,42.94375000000001,,
Sub-Saharan Africa,Low income,2008,1820542,,20.0,,56.43749999999999,,
Europe & Central Asia,Upper middle income,2008,3848449,,40.0,,61.46874999999999,,
Europe & Central Asia,High income,2008,82110097,,40.0,,47.275,,
Sub-Saharan Africa,Lower middle income,2008,24326087,,30.0,,56.43125,,
Europe & Central Asia,High income,2008,30398,,0.0,,9.53125,,
Europe & Central Asia,High income,2008,11077841,,40.0,,46.35625,,
Europe & Central Asia,High income,2008,56328,,0.0,,13.35625,,
Latin America & Caribbean,Upper middle income,2008,112478,,0.0,,56.19375,,
East Asia & Pacific,High income,2008,164725,,0.0,,16.687500000000004,,
Latin America & Caribbean,Upper middle income,2008,13739299,,30.0,,70.4375,,
Sub-Saharan Africa,Lower middle income,2008,9779785,,20.0,,47.0875,,
Sub-Saharan Africa,Low income,2008,1488431,,20.0,,39.6875,,
Latin America & Caribbean,High income,2008,754150,,20.0,,59.30624999999999,,
Latin America & Caribbean,Lower middle income,2008,9575247,,20.0,,44.20625,,
Latin America & Caribbean,Lower middle income,2008,8101777,,40.0,,69.86250000000001,,
East Asia & Pacific,High income,2008,6957800,,0.0,,26.412500000000005,,
Europe & Central Asia,High income,2008,10038188,,40.0,,44.69375,,
Europe & Central Asia,High income,2008,317414,,20.0,,40.75625,,
South Asia,Lower middle income,2008,1206734806,,40.0,,57.74374999999999,,
East Asia & Pacific,Upper middle income,2008,237936543,,40.0,,64.8,,
Middle East & North Africa,Upper middle income,2008,73318394,,40.0,,64.30624999999999,,
Middle East & North Africa,Upper middle income,2008,29218381,,20.0,,64.9875,,
Europe & Central Asia,High income,2008,4489544,,40.0,,45.50625,,
Europe & Central Asia,High income,2008,81997,,0.0,,7.225,,
Middle East & North Africa,High income,2008,7308800,,40.0,,40.45625,,
Europe & Central Asia,High income,2008,58826731,,40.0,,46.775,,
Latin America & Caribbean,Upper middle income,2008,2711373,,30.0,,63.44375,,
East Asia & Pacific,High income,2008,128063000,,40.0,,52.65,,
Middle East & North Africa,Lower middle income,2008,6632873,,20.0,,66.77499999999999,,
Europe & Central Asia,Upper middle income,2008,15776938,,40.0,,70.6875,,
Sub-Saharan Africa,Lower middle income,2008,39186895,,20.0,,68.4875,,
East Asia & Pacific,Lower middle income,2008,103966,,20.0,,44.025000000000006,,
East Asia & Pacific,Low income,2008,24469047,,0.0,,40.80625,,
East Asia & Pacific,High income,2008,49054708,,40.0,,59.99375,,
Europe & Central Asia,Upper middle income,2008,1803370,,20.0,,,,
Middle East & North Africa,High income,2008,2650930,,20.0,,42.06875,,
Europe & Central Asia,Lower middle income,2008,5318700,,40.0,,67.81875000000001,,
East Asia & Pacific,Lower middle income,2008,6135861,,30.0,,61.1,,
Europe & Central Asia,High income,2008,2177322,,40.0,,41.98125,,
Middle East & North Africa,Lower middle income,2008,4887613,,20.0,,62.15625,,
Sub-Saharan Africa,Lower middle income,2008,1995014,,20.0,,51.7375,,
Sub-Saharan Africa,Low income,2008,3783887,,20.0,,49.3125,,
Middle East & North Africa,Upper middle income,2008,6228370,,20.0,,39.0375,,
Europe & Central Asia,High income,2008,35401,,0.0,,19.9,,
Europe & Central Asia,High income,2008,3198231,,40.0,,42.05625,,
Europe & Central Asia,High income,2008,488650,,20.0,,40.45625,,
East Asia & Pacific,High income,2008,529038,,0.0,,21.356250000000003,,
Sub-Saharan Africa,Low income,2008,20513599,,30.0,,63.62500000000001,,
Sub-Saharan Africa,Low income,2008,13889423,,20.0,,62.6625,,
East Asia & Pacific,Upper middle income,2008,27664296,,40.0,,67.5125,,
South Asia,Upper middle income,2008,336883,,20.0,,55.181250000000006,,
Sub-Saharan Africa,Low income,2008,14551117,,20.0,,63.5875,,
Middle East & North Africa,High income,2008,409379,,40.0,,37.0625,,
East Asia & Pacific,Upper middle income,2008,53816,,20.0,,47.26250000000001,,
Sub-Saharan Africa,Lower middle income,2008,3233336,,40.0,,47.08125,,
Sub-Saharan Africa,Upper middle income,2008,1244121,,20.0,,66.00625,,
Latin America & Caribbean,Upper middle income,2008,109684489,,40.0,,74.6875,,
East Asia & Pacific,Lower middle income,2008,108704,,20.0,,34.487500000000004,,
Europe & Central Asia,Upper middle income,2008,2868833,,40.0,,54.08749999999999,,
Europe & Central Asia,High income,2008,31862,,20.0,,14.975,,
East Asia & Pacific,Upper middle income,2008,2633887,,20.0,,69.575,,
Europe & Central Asia,Upper middle income,2008,616969,,40.0,,54.51875,,
Middle East & North Africa,Lower middle income,2008,31634992,,30.0,,67.55624999999999,,
Sub-Saharan Africa,Low income,2008,21845571,,30.0,,62.4125,,
East Asia & Pacific,Lower middle income,2008,48729486,,20.0,,54.93749999999999,,
Sub-Saharan Africa,Upper middle income,2008,2038552,,20.0,,61.39375000000001,,
East Asia & Pacific,High income,2008,10243,,20.0,,35.143750000000004,,
South Asia,Lower middle income,2008,26881544,,20.0,,63.2875,,
Europe & Central Asia,High income,2008,16445593,,40.0,,43.6625,,
East Asia & Pacific,High income,2008,242750,,0.0,,16.85625,,
East Asia & Pacific,High income,2008,4259800,,40.0,,52.6375,,
Latin America & Caribbean,Lower middle income,2008,5687744,,40.0,,68.46249999999999,,
Sub-Saharan Africa,Low income,2008,15455175,,20.0,,61.9125,,
Sub-Saharan Africa,Lower middle income,2008,152382506,,20.0,,52.5625,,
Europe & Central Asia,Upper middle income,2008,1971493,,40.0,,47.575,,
East Asia & Pacific,High income,2008,60032,,0.0,,9.8,,
Europe & Central Asia,High income,2008,4768212,,40.0,,46.58125,,
Middle East & North Africa,High income,2008,2651028,,20.0,,46.48125000000001,,
South Asia,Lower middle income,2008,185931955,,40.0,,66.5875,,
East Asia & Pacific,High income,2008,19102,,20.0,,35.48750000000001,,
Latin America & Caribbean,High income,2008,3495276,,40.0,,66.67500000000001,,
East Asia & Pacific,Lower middle income,2008,7137988,,20.0,,52.993750000000006,,
Latin America & Caribbean,Upper middle income,2008,5645148,,40.0,,71.18749999999999,,
Latin America & Caribbean,Upper middle income,2008,28806185,,40.0,,71.3125,,
East Asia & Pacific,Lower middle income,2008,91252326,,40.0,,70.32499999999999,,
Europe & Central Asia,High income,2008,38125759,,40.0,,43.7125,,
Europe & Central Asia,High income,2008,10558177,,40.0,,45.1375,,
Latin America & Caribbean,High income,2008,3760866,,0.0,,19.7875,,
Middle East & North Africa,High income,2008,1444277,,20.0,,36.3375,,
Europe & Central Asia,High income,2008,20537875,,40.0,,52.725,,
Europe & Central Asia,High income,2008,142742366,,40.0,,39.95,,
Sub-Saharan Africa,Low income,2008,9781996,,30.0,,46.05625,,
East Asia & Pacific,Lower middle income,2008,191787,,30.0,,54.91875,,
Europe & Central Asia,High income,2008,30700,,0.0,,16.868750000000002,,
Sub-Saharan Africa,Lower middle income,2008,174004,,20.0,,46.4125,,
Middle East & North Africa,High income,2008,27437353,,20.0,,44.28125000000001,,
Sub-Saharan Africa,Lower middle income,2008,11872929,,20.0,,63.80000000000001,,
Europe & Central Asia,Upper middle income,2008,7350222,,40.0,,60.76250000000001,,
Sub-Saharan Africa,High income,2008,86956,,0.0,,54.837500000000006,,
Sub-Saharan Africa,Low income,2008,6090860,,20.0,,55.6125,,
East Asia & Pacific,High income,2008,4839396,,40.0,,36.4875,,
Latin America & Caribbean,High income,2008,33964,,0.0,,6.50625,,
Europe & Central Asia,High income,2008,5379233,,40.0,,43.34375,,
Europe & Central Asia,High income,2008,2021316,,40.0,,54.01874999999999,,
East Asia & Pacific,Lower middle income,2008,516001,,20.0,,55.26875,,
Sub-Saharan Africa,Low income,2008,11444870,,20.0,,37.51875,,
Sub-Saharan Africa,Upper middle income,2008,50565812,,40.0,,60.45624999999999,,
Sub-Saharan Africa,Low income,2008,8823888,,20.0,,19.0625,,
Europe & Central Asia,High income,2008,45954106,,40.0,,54.78125,,
South Asia,Lower middle income,2008,20285643,,30.0,,68.93125,,
Latin America & Caribbean,High income,2008,47156,,0.0,,42.45625,,
Latin America & Caribbean,Upper middle income,2008,168576,,20.0,,56.275,,
Latin America & Caribbean,High income,2008,35541,,0.0,,5.41875,,
Latin America & Caribbean,Upper middle income,2008,110316,,20.0,,54.0625,,
Sub-Saharan Africa,Low income,2008,32065241,,20.0,,49.625,,
Latin America & Caribbean,Upper middle income,2008,533938,,20.0,,44.20625,,
Europe & Central Asia,High income,2008,9219637,,40.0,,54.90624999999999,,
Europe & Central Asia,High income,2008,7647675,,40.0,,58.17500000000001,,
Middle East & North Africa,Low income,2008,21474059,,30.0,,63.18125000000001,,
Europe & Central Asia,Lower middle income,2008,7324627,,40.0,,47.7625,,
Sub-Saharan Africa,Lower middle income,2008,42870884,,30.0,,67.16875000000002,,
East Asia & Pacific,Upper middle income,2008,67328239,,40.0,,54.90625,,
East Asia & Pacific,Lower middle income,2008,1043076,,30.0,,53.7875,,
Sub-Saharan Africa,Low income,2008,6222482,,20.0,,63.275000000000006,,
East Asia & Pacific,Upper middle income,2008,106932,,20.0,,46.68125,,
Latin America & Caribbean,High income,2008,1392803,,20.0,,59.85625,,
Middle East & North Africa,Lower middle income,2008,10680380,,20.0,,68.26874999999998,,
Europe & Central Asia,Upper middle income,2008,71051678,,40.0,,71.10624999999999,,
Europe & Central Asia,Upper middle income,2008,5100083,,20.0,,40.6,,
Latin America & Caribbean,High income,2008,27422,,0.0,,14.656250000000002,,
East Asia & Pacific,Upper middle income,2008,10272,,20.0,,37.2,,
Sub-Saharan Africa,Low income,2008,30509862,,30.0,,64.9125,,
Europe & Central Asia,Upper middle income,2008,46258189,,40.0,,63.4,,
Middle East & North Africa,High income,2008,6988685,,20.0,,30.0875,,
Europe & Central Asia,High income,2008,61806995,,40.0,,52.09374999999999,,
North America,High income,2008,304093966,,40.0,,48.181250000000006,,
Latin America & Caribbean,High income,2008,3336126,,40.0,,66.98125,,
Europe & Central Asia,Lower middle income,2008,27302800,,30.0,,44.975,,
East Asia & Pacific,Lower middle income,2008,233952,,20.0,,50.275000000000006,,
East Asia & Pacific,Lower middle income,2008,85597241,,40.0,,61.437500000000014,,
Latin America & Caribbean,High income,2008,108397,,0.0,,10.59375,,
Middle East & North Africa,Lower middle income,2008,3591977,,40.0,,53.88125,,
Middle East & North Africa,Low income,2008,23329004,,20.0,,56.46874999999999,,
Sub-Saharan Africa,Lower middle income,2008,12852966,,40.0,,64.78750000000001,,
Sub-Saharan Africa,Lower middle income,2008,12550347,,20.0,,46.900000000000006,,
South Asia,Low income,2007,25903301,,20.0,,47.8875,,
Europe & Central Asia,Upper middle income,2007,2970017,,40.0,,71.41875,,
Middle East & North Africa,Upper middle income,2007,33983827,,20.0,,57.225,,
East Asia & Pacific,High income,2007,56383,,0.0,,16.431250000000002,,
Europe & Central Asia,High income,2007,78168,,20.0,,21.93125,,
Sub-Saharan Africa,Lower middle income,2007,20909684,,20.0,,62.75000000000001,,
Latin America & Caribbean,High income,2007,82016,,0.0,,50.91250000000001,,
Latin America & Caribbean,Upper middle income,2007,39876111,,40.0,,77.67500000000001,,
Europe & Central Asia,Upper middle income,2007,3004393,,40.0,,61.131250000000016,,
Latin America & Caribbean,High income,2007,96787,,0.0,,19.031250000000004,,
East Asia & Pacific,High income,2007,20827622,,40.0,,53.35625,,
Europe & Central Asia,High income,2007,8295487,,40.0,,61.71874999999999,,
Europe & Central Asia,Upper middle income,2007,8581300,,40.0,,63.56875,,
Latin America & Caribbean,High income,2007,357666,,20.0,,34.87499999999999,,
Middle East & North Africa,High income,2007,1040532,,20.0,,44.5375,,
South Asia,Lower middle income,2007,144135934,,30.0,,60.85,,
Latin America & Caribbean,High income,2007,271444,,20.0,,59.81875,,
Europe & Central Asia,Upper middle income,2007,9560953,,40.0,,56.46875,,
Europe & Central Asia,High income,2007,10625700,,40.0,,52.5875,,
Latin America & Caribbean,Upper middle income,2007,297173,,20.0,,63.0375,,
Sub-Saharan Africa,Lower middle income,2007,8647761,,20.0,,53.1375,,
North America,High income,2007,64888,,0.0,,16.168750000000003,,
South Asia,Lower middle income,2007,681614,,20.0,,65.48124999999999,,
Latin America & Caribbean,Lower middle income,2007,9711152,,40.0,,72.66250000000001,,
Europe & Central Asia,Upper middle income,2007,4007876,,30.0,,59.05000000000001,,
Sub-Saharan Africa,Upper middle income,2007,1966977,,20.0,,55.7625,,
Latin America & Caribbean,Upper middle income,2007,190779453,,40.0,,76.21874999999999,,
Latin America & Caribbean,High income,2007,25191,,0.0,,18.768750000000004,,
East Asia & Pacific,High income,2007,378748,,20.0,,36.21875000000001,,
Europe & Central Asia,High income,2007,7545338,,40.0,,59.650000000000006,,
Sub-Saharan Africa,Low income,2007,14757074,,30.0,,63.75625,,
Sub-Saharan Africa,Low income,2007,7944609,,30.0,,50.28125,,
Sub-Saharan Africa,Lower middle income,2007,504733,,20.0,,53.118750000000006,,
East Asia & Pacific,Lower middle income,2007,13714791,,20.0,,69.13125,,
Sub-Saharan Africa,Lower middle income,2007,18251866,,30.0,,67.975,,
North America,High income,2007,32888886,,40.0,,49.70625,,
Latin America & Caribbean,High income,2007,49647,,0.0,,17.150000000000002,,
Sub-Saharan Africa,Low income,2007,4375569,,20.0,,43.75000000000001,,
Sub-Saharan Africa,Low income,2007,10722731,,20.0,,40.65625,,
Europe & Central Asia,High income,2007,153225,,0.0,,,,
Latin America & Caribbean,High income,2007,16495538,,30.0,,70.8625,,
East Asia & Pacific,Upper middle income,2007,1317885000,,40.0,,48.34375,,
Latin America & Caribbean,Upper middle income,2007,43306582,,40.0,,70.1375,,
Sub-Saharan Africa,Lower middle income,2007,616899,,0.0,,53.38125,,
Sub-Saharan Africa,Low income,2007,60289422,,20.0,,52.69375000000001,,
Sub-Saharan Africa,Lower middle income,2007,3956329,,20.0,,50.925,,
Latin America & Caribbean,Upper middle income,2007,4440019,,40.0,,69.37500000000001,,
Sub-Saharan Africa,Lower middle income,2007,19817700,,30.0,,60.0,,
Europe & Central Asia,High income,2007,4310217,,30.0,,51.26875,,
Latin America & Caribbean,Upper middle income,2007,11269887,,20.0,,46.04375,,
Latin America & Caribbean,High income,2007,144056,,0.0,,14.6,,
Europe & Central Asia,High income,2007,1073873,,40.0,,53.175,,
Europe & Central Asia,High income,2007,10298828,,40.0,,44.425,,
Europe & Central Asia,High income,2007,5461438,,40.0,,45.76875,,
Middle East & North Africa,Lower middle income,2007,865196,,20.0,,50.1,,
Latin America & Caribbean,Upper middle income,2007,68775,,0.0,,50.5875,,
Latin America & Caribbean,Upper middle income,2007,9402206,,40.0,,59.50000000000001,,
Latin America & Caribbean,Upper middle income,2007,14251835,,40.0,,75.53125,,
Middle East & North Africa,Lower middle income,2007,82218755,,20.0,,68.0375,,
Latin America & Caribbean,Upper middle income,2007,6044131,,40.0,,70.20625,,
Sub-Saharan Africa,Upper middle income,2007,948814,,0.0,,40.83125,,
Sub-Saharan Africa,Low income,2007,2926168,,20.0,,38.79375,,
Europe & Central Asia,High income,2007,1340680,,40.0,,52.12500000000001,,
Sub-Saharan Africa,Lower middle income,2007,1084008,,20.0,,59.79375,,
Sub-Saharan Africa,Low income,2007,81996185,,30.0,,68.69999999999999,,
Europe & Central Asia,High income,2007,48361,,0.0,,9.76875,,
East Asia & Pacific,Upper middle income,2007,890648,,20.0,,60.06875,,
Europe & Central Asia,High income,2007,5288720,,40.0,,58.85625,,
Europe & Central Asia,High income,2007,64021737,,40.0,,46.8125,,
East Asia & Pacific,High income,2007,278178,,0.0,,25.106250000000003,,
Sub-Saharan Africa,Upper middle income,2007,1549774,,0.0,,43.1125,,
Sub-Saharan Africa,Low income,2007,1764883,,20.0,,54.9875,,
Europe & Central Asia,Upper middle income,2007,3860158,,40.0,,60.28125,,
Europe & Central Asia,High income,2007,82266372,,40.0,,47.55625,,
Sub-Saharan Africa,Lower middle income,2007,23708320,,30.0,,53.725,,
Europe & Central Asia,High income,2007,29996,,0.0,,8.143749999999999,,
Europe & Central Asia,High income,2007,11048473,,40.0,,46.075,,
Europe & Central Asia,High income,2007,56555,,0.0,,13.4125,,
Latin America & Caribbean,Upper middle income,2007,111725,,20.0,,55.9125,,
East Asia & Pacific,High income,2007,164763,,0.0,,16.687500000000004,,
Latin America & Caribbean,Upper middle income,2007,13477017,,30.0,,70.08749999999999,,
Sub-Saharan Africa,Lower middle income,2007,9547082,,20.0,,47.225,,
Sub-Saharan Africa,Low income,2007,1450572,,20.0,,39.8,,
Latin America & Caribbean,High income,2007,756521,,20.0,,56.04375,,
Latin America & Caribbean,Lower middle income,2007,9420826,,20.0,,44.375,,
Latin America & Caribbean,Lower middle income,2007,7924462,,40.0,,68.61874999999999,,
East Asia & Pacific,High income,2007,6916300,,0.0,,25.856250000000003,,
Europe & Central Asia,High income,2007,10055780,,40.0,,44.34375,,
Europe & Central Asia,High income,2007,311566,,20.0,,41.40625,,
South Asia,Lower middle income,2007,1189691809,,40.0,,58.02499999999999,,
East Asia & Pacific,Upper middle income,2007,234858289,,40.0,,63.98750000000001,,
Middle East & North Africa,Upper middle income,2007,72319418,,40.0,,64.47500000000001,,
Middle East & North Africa,Upper middle income,2007,28660887,,20.0,,64.51875,,
Europe & Central Asia,High income,2007,4398942,,40.0,,45.925,,
Europe & Central Asia,High income,2007,81100,,0.0,,7.225,,
Middle East & North Africa,High income,2007,7180100,,40.0,,40.0375,,
Europe & Central Asia,High income,2007,58438310,,40.0,,47.125,,
Latin America & Caribbean,Upper middle income,2007,2701221,,40.0,,61.11249999999999,,
East Asia & Pacific,High income,2007,128001000,,40.0,,51.1875,,
Middle East & North Africa,Lower middle income,2007,6473457,,20.0,,64.60625,,
Europe & Central Asia,Upper middle income,2007,15484192,,40.0,,69.71875,,
Sub-Saharan Africa,Lower middle income,2007,38036793,,20.0,,68.69375000000001,,
East Asia & Pacific,Lower middle income,2007,101998,,20.0,,42.55,,
East Asia & Pacific,Low income,2007,24356506,,0.0,,40.1375,,
East Asia & Pacific,High income,2007,48683638,,20.0,,60.2,,
Europe & Central Asia,Upper middle income,2007,1810222,,20.0,,,,
Middle East & North Africa,High income,2007,2506769,,20.0,,41.425,,
Europe & Central Asia,Lower middle income,2007,5268400,,40.0,,68.09375,,
East Asia & Pacific,Lower middle income,2007,6041348,,40.0,,60.31875,,
Europe & Central Asia,High income,2007,2200325,,40.0,,41.0125,,
Middle East & North Africa,Lower middle income,2007,4809608,,20.0,,62.43124999999999,,
Sub-Saharan Africa,Lower middle income,2007,1983465,,20.0,,50.46875000000001,,
Sub-Saharan Africa,Low income,2007,3632740,,20.0,,49.425,,
Middle East & North Africa,Upper middle income,2007,6097177,,20.0,,39.175,,
Europe & Central Asia,High income,2007,35150,,0.0,,20.0125,,
Europe & Central Asia,High income,2007,3231294,,40.0,,42.40625,,
Europe & Central Asia,High income,2007,479993,,20.0,,40.87499999999999,,
East Asia & Pacific,High income,2007,515330,,0.0,,20.731250000000003,,
Sub-Saharan Africa,Low income,2007,19924958,,30.0,,63.7625,,
Sub-Saharan Africa,Low income,2007,13495463,,20.0,,62.79999999999999,,
East Asia & Pacific,Upper middle income,2007,27092604,,40.0,,65.35625,,
South Asia,Upper middle income,2007,325126,,20.0,,55.31875000000001,,
Sub-Saharan Africa,Low income,2007,14080912,,20.0,,62.868750000000006,,
Middle East & North Africa,High income,2007,406724,,40.0,,37.4125,,
East Asia & Pacific,Upper middle income,2007,54038,,20.0,,34.9375,,
Sub-Saharan Africa,Lower middle income,2007,3153508,,30.0,,46.150000000000006,,
Sub-Saharan Africa,Upper middle income,2007,1239630,,20.0,,66.35625,,
Latin America & Caribbean,Upper middle income,2007,108302973,,40.0,,71.08125,,
East Asia & Pacific,Lower middle income,2007,109532,,20.0,,34.625,,
Europe & Central Asia,Upper middle income,2007,2874299,,40.0,,54.29375,,
Europe & Central Asia,High income,2007,31823,,20.0,,15.031250000000002,,
East Asia & Pacific,Upper middle income,2007,2605643,,30.0,,66.86250000000001,,
Europe & Central Asia,Upper middle income,2007,615875,,40.0,,54.57500000000001,,
Middle East & North Africa,Lower middle income,2007,31232633,,30.0,,67.69375,,
Sub-Saharan Africa,Low income,2007,21280513,,30.0,,57.46875,,
East Asia & Pacific,Lower middle income,2007,48445647,,20.0,,55.10624999999999,,
Sub-Saharan Africa,Upper middle income,2007,2011492,,20.0,,50.04375,,
East Asia & Pacific,High income,2007,10267,,20.0,,34.737500000000004,,
South Asia,Lower middle income,2007,26713655,,30.0,,59.89375,,
Europe & Central Asia,High income,2007,16381696,,40.0,,44.38125,,
East Asia & Pacific,High income,2007,239250,,0.0,,16.9125,,
East Asia & Pacific,High income,2007,4223800,,40.0,,52.21875,,
Latin America & Caribbean,Lower middle income,2007,5607453,,40.0,,67.97500000000001,,
Sub-Saharan Africa,Low income,2007,14897873,,20.0,,62.025,,
Sub-Saharan Africa,Lower middle income,2007,148294028,,20.0,,50.29375,,
Europe & Central Asia,Upper middle income,2007,1982933,,40.0,,47.74375,,
East Asia & Pacific,High income,2007,63050,,0.0,,9.8,,
Europe & Central Asia,High income,2007,4709153,,40.0,,46.2375,,
Middle East & North Africa,High income,2007,2605700,,20.0,,42.89375,,
South Asia,Lower middle income,2007,181924521,,40.0,,66.79375,,
East Asia & Pacific,High income,2007,19366,,20.0,,34.56250000000001,,
Latin America & Caribbean,High income,2007,3431614,,40.0,,62.40625000000001,,
East Asia & Pacific,Lower middle income,2007,6921066,,20.0,,52.74375,,
Latin America & Caribbean,Upper middle income,2007,5590145,,40.0,,69.94999999999999,,
Latin America & Caribbean,Upper middle income,2007,28600387,,40.0,,70.61874999999999,,
East Asia & Pacific,Lower middle income,2007,89561377,,40.0,,67.39999999999999,,
Europe & Central Asia,High income,2007,38120560,,40.0,,43.7375,,
Europe & Central Asia,High income,2007,10542964,,40.0,,44.7875,,
Latin America & Caribbean,High income,2007,3782995,,0.0,,19.84375,,
Middle East & North Africa,High income,2007,1231893,,20.0,,36.40625,,
Europe & Central Asia,High income,2007,20882982,,40.0,,51.33125,,
Europe & Central Asia,High income,2007,142805114,,40.0,,38.69375,,
Sub-Saharan Africa,Low income,2007,9523168,,30.0,,45.025,,
East Asia & Pacific,Lower middle income,2007,190478,,20.0,,49.325,,
Europe & Central Asia,High income,2007,30372,,0.0,,15.59375,,
Sub-Saharan Africa,Lower middle income,2007,169845,,20.0,,45.63125,,
Middle East & North Africa,High income,2007,26400068,,20.0,,43.337500000000006,,
Sub-Saharan Africa,Lower middle income,2007,11563869,,20.0,,63.13125000000001,,
Europe & Central Asia,Upper middle income,2007,7381579,,40.0,,59.7375,,
Sub-Saharan Africa,High income,2007,85033,,0.0,,54.975,,
Sub-Saharan Africa,Low income,2007,5939163,,20.0,,55.33125,,
East Asia & Pacific,High income,2007,4588599,,40.0,,36.625,,
Latin America & Caribbean,High income,2007,33811,,0.0,,6.5625,,
Europe & Central Asia,High income,2007,5374622,,40.0,,41.44375,,
Europe & Central Asia,High income,2007,2018122,,40.0,,53.25625,,
East Asia & Pacific,Lower middle income,2007,504619,,20.0,,54.5125,,
Sub-Saharan Africa,Low income,2007,11118092,,20.0,,37.63125,,
Sub-Saharan Africa,Upper middle income,2007,49996094,,20.0,,59.01875000000001,,
Sub-Saharan Africa,Low income,2007,8417823,,20.0,,19.11875,,
Europe & Central Asia,High income,2007,45226803,,40.0,,54.50625,,
South Asia,Lower middle income,2007,20078655,,40.0,,68.4,,
Latin America & Caribbean,High income,2007,47015,,0.0,,41.83125,,
Latin America & Caribbean,Upper middle income,2007,167518,,20.0,,56.4125,,
Latin America & Caribbean,High income,2007,34887,,0.0,,5.41875,,
Latin America & Caribbean,Upper middle income,2007,110824,,20.0,,53.5375,,
Sub-Saharan Africa,Low income,2007,31191163,,20.0,,49.7625,,
Latin America & Caribbean,Upper middle income,2007,527946,,20.0,,42.95625,,
Europe & Central Asia,High income,2007,9148092,,40.0,,53.85625,,
Europe & Central Asia,High income,2007,7551117,,40.0,,57.825,,
Middle East & North Africa,Low income,2007,20703005,,30.0,,62.625,,
Europe & Central Asia,Lower middle income,2007,7188391,,40.0,,47.175,,
Sub-Saharan Africa,Lower middle income,2007,41716497,,30.0,,64.2125,,
East Asia & Pacific,Upper middle income,2007,66826754,,40.0,,55.1125,,
East Asia & Pacific,Lower middle income,2007,1019362,,30.0,,52.4375,,
Sub-Saharan Africa,Low income,2007,6047537,,20.0,,62.45625,,
East Asia & Pacific,Upper middle income,2007,106638,,20.0,,46.43125,,
Latin America & Caribbean,High income,2007,1384861,,20.0,,57.1875,,
Middle East & North Africa,Lower middle income,2007,10580395,,30.0,,68.47499999999998,,
Europe & Central Asia,Upper middle income,2007,70158112,,40.0,,70.24374999999999,,
Europe & Central Asia,Upper middle income,2007,5024894,,20.0,,40.7125,,
Latin America & Caribbean,High income,2007,26268,,0.0,,14.712500000000004,,
East Asia & Pacific,Upper middle income,2007,10149,,20.0,,36.94375,,
Sub-Saharan Africa,Low income,2007,29629804,,40.0,,63.725,,
Europe & Central Asia,Upper middle income,2007,46509355,,40.0,,62.9125,,
Middle East & North Africa,High income,2007,5872624,,20.0,,29.4625,,
Europe & Central Asia,High income,2007,61322463,,40.0,,51.75000000000001,,
North America,High income,2007,301231207,,40.0,,46.26875,,
Latin America & Caribbean,High income,2007,3328651,,40.0,,65.91874999999999,,
Europe & Central Asia,Lower middle income,2007,26868000,,40.0,,44.41875,,
East Asia & Pacific,Lower middle income,2007,228345,,20.0,,50.4125,,
East Asia & Pacific,Lower middle income,2007,84762269,,40.0,,61.66250000000001,,
Latin America & Caribbean,High income,2007,108337,,0.0,,10.59375,,
Middle East & North Africa,Lower middle income,2007,3494496,,40.0,,54.400000000000006,,
Middle East & North Africa,Low income,2007,22641538,,20.0,,56.58125,,
Sub-Saharan Africa,Lower middle income,2007,12402073,,40.0,,61.06250000000002,,
Sub-Saharan Africa,Lower middle income,2007,12450568,,20.0,,47.06875,,
South Asia,Low income,2006,25442944,,20.0,,45.80625,,
Europe & Central Asia,Upper middle income,2006,2992547,,40.0,,64.83749999999999,,
Middle East & North Africa,Upper middle income,2006,33435080,,20.0,,57.08125,,
East Asia & Pacific,High income,2006,56837,,0.0,,16.431250000000002,,
Europe & Central Asia,High income,2006,80221,,20.0,,21.231250000000003,,
Sub-Saharan Africa,Lower middle income,2006,20162340,,20.0,,59.743750000000006,,
Latin America & Caribbean,High income,2006,80895,,20.0,,46.1875,,
Latin America & Caribbean,Upper middle income,2006,39476851,,40.0,,77.67500000000001,,
Europe & Central Asia,Upper middle income,2006,3026486,,40.0,,60.07500000000001,,
Latin America & Caribbean,High income,2006,95606,,0.0,,19.031250000000004,,
East Asia & Pacific,High income,2006,20450966,,40.0,,52.275000000000006,,
Europe & Central Asia,High income,2006,8268641,,40.0,,60.31875,,
Europe & Central Asia,Upper middle income,2006,8484550,,40.0,,62.08125,,
Latin America & Caribbean,High income,2006,352664,,20.0,,34.9875,,
Middle East & North Africa,High income,2006,970981,,20.0,,43.375,,
South Asia,Lower middle income,2006,142628831,,30.0,,59.79375000000001,,
Latin America & Caribbean,High income,2006,270425,,20.0,,60.4875,,
Europe & Central Asia,Upper middle income,2006,9604924,,40.0,,54.20625,,
Europe & Central Asia,High income,2006,10547958,,40.0,,51.89375,,
Latin America & Caribbean,Upper middle income,2006,288729,,20.0,,58.86874999999999,,
Sub-Saharan Africa,Lower middle income,2006,8402631,,20.0,,51.05624999999999,,
North America,High income,2006,64523,,0.0,,15.3875,,
South Asia,Lower middle income,2006,673260,,20.0,,61.4625,,
Latin America & Caribbean,Lower middle income,2006,9542663,,40.0,,71.56875000000001,,
Europe & Central Asia,Upper middle income,2006,4058086,,40.0,,58.56249999999999,,
Sub-Saharan Africa,Upper middle income,2006,1928704,,20.0,,53.94375,,
Latin America & Caribbean,Upper middle income,2006,188820682,,40.0,,74.59374999999999,,
Latin America & Caribbean,High income,2006,24323,,0.0,,18.768750000000004,,
East Asia & Pacific,High income,2006,372808,,20.0,,34.65625000000001,,
Europe & Central Asia,High income,2006,7601022,,30.0,,58.23125000000001,,
Sub-Saharan Africa,Low income,2006,14316242,,30.0,,62.9375,,
Sub-Saharan Africa,Low income,2006,7658190,,30.0,,49.5,,
Sub-Saharan Africa,Lower middle income,2006,498884,,20.0,,50.10625000000001,,
East Asia & Pacific,Lower middle income,2006,13477779,,20.0,,67.02499999999999,,
Sub-Saharan Africa,Lower middle income,2006,17751333,,20.0,,61.51249999999999,,
North America,High income,2006,32571193,,40.0,,49.00625,,
Latin America & Caribbean,High income,2006,48177,,0.0,,17.150000000000002,,
Sub-Saharan Africa,Low income,2006,4294352,,20.0,,43.75000000000001,,
Sub-Saharan Africa,Low income,2006,10365614,,20.0,,40.26875,,
Europe & Central Asia,High income,2006,151985,,0.0,,,,
Latin America & Caribbean,High income,2006,16334575,,30.0,,68.94375000000001,,
East Asia & Pacific,Upper middle income,2006,1311020000,,40.0,,47.45,,
Latin America & Caribbean,Upper middle income,2006,42772910,,40.0,,69.08125000000001,,
Sub-Saharan Africa,Lower middle income,2006,604658,,0.0,,53.38125,,
Sub-Saharan Africa,Low income,2006,58381630,,20.0,,48.6875,,
Sub-Saharan Africa,Lower middle income,2006,3813323,,20.0,,51.2625,,
Latin America & Caribbean,Upper middle income,2006,4378172,,40.0,,68.67500000000001,,
Sub-Saharan Africa,Lower middle income,2006,19394057,,30.0,,59.64375,,
Europe & Central Asia,High income,2006,4311159,,30.0,,50.431250000000006,,
Latin America & Caribbean,Upper middle income,2006,11260630,,20.0,,46.4875,,
Latin America & Caribbean,High income,2006,141239,,0.0,,14.6,,
Europe & Central Asia,High income,2006,1055438,,40.0,,52.22500000000001,,
Europe & Central Asia,High income,2006,10238905,,40.0,,43.475,,
Europe & Central Asia,High income,2006,5437272,,40.0,,44.36875,,
Middle East & North Africa,Lower middle income,2006,846947,,20.0,,50.212500000000006,,
Latin America & Caribbean,Upper middle income,2006,68742,,0.0,,39.13125,,
Latin America & Caribbean,Upper middle income,2006,9284168,,40.0,,56.13125,,
Latin America & Caribbean,Upper middle income,2006,14009061,,40.0,,74.65,,
Middle East & North Africa,Lower middle income,2006,80629670,,20.0,,66.5625,,
Latin America & Caribbean,Upper middle income,2006,6034436,,40.0,,68.71875,,
Sub-Saharan Africa,Upper middle income,2006,905418,,20.0,,39.7875,,
Sub-Saharan Africa,Low income,2006,2880093,,20.0,,38.4,,
Europe & Central Asia,High income,2006,1346810,,40.0,,51.87500000000001,,
Sub-Saharan Africa,Lower middle income,2006,1077735,,20.0,,55.837500000000006,,
Sub-Saharan Africa,Low income,2006,79691050,,30.0,,68.5625,,
Europe & Central Asia,High income,2006,48313,,0.0,,8.206249999999999,,
East Asia & Pacific,Upper middle income,2006,883083,,20.0,,59.73125,,
Europe & Central Asia,High income,2006,5266268,,40.0,,57.9,,
Europe & Central Asia,High income,2006,63628261,,40.0,,46.55625,,
East Asia & Pacific,High income,2006,274901,,0.0,,16.25,,
Sub-Saharan Africa,Upper middle income,2006,1502534,,0.0,,42.55625,,
Sub-Saharan Africa,Low income,2006,1711294,,20.0,,43.64375,,
Europe & Central Asia,Upper middle income,2006,3880347,,40.0,,59.16249999999999,,
Europe & Central Asia,High income,2006,82376451,,40.0,,46.6,,
Sub-Saharan Africa,Lower middle income,2006,23098586,,30.0,,50.075,,
Europe & Central Asia,High income,2006,29587,,0.0,,8.143749999999999,,
Europe & Central Asia,High income,2006,11020362,,40.0,,44.08125,,
Europe & Central Asia,High income,2006,56774,,0.0,,13.4125,,
Latin America & Caribbean,Upper middle income,2006,110988,,20.0,,55.9125,,
East Asia & Pacific,High income,2006,164675,,0.0,,16.687500000000004,,
Latin America & Caribbean,Upper middle income,2006,13213330,,30.0,,69.3125,,
Sub-Saharan Africa,Lower middle income,2006,9330625,,20.0,,43.0625,,
Sub-Saharan Africa,Low income,2006,1414091,,20.0,,39.8,,
Latin America & Caribbean,High income,2006,758367,,20.0,,55.34375,,
Latin America & Caribbean,Lower middle income,2006,9266288,,20.0,,43.75,,
Latin America & Caribbean,Lower middle income,2006,7745200,,40.0,,68.61874999999999,,
East Asia & Pacific,High income,2006,6857100,,0.0,,26.193750000000005,,
Europe & Central Asia,High income,2006,10071370,,40.0,,43.3875,,
Europe & Central Asia,High income,2006,303782,,20.0,,41.40625,,
South Asia,Lower middle income,2006,1172373788,,40.0,,58.02499999999999,,
East Asia & Pacific,Upper middle income,2006,231797427,,40.0,,62.13125,,
Middle East & North Africa,Upper middle income,2006,71275760,,40.0,,65.03125,,
Middle East & North Africa,Upper middle income,2006,28905607,,20.0,,47.7625,,
Europe & Central Asia,High income,2006,4273591,,40.0,,46.36874999999999,,
Europe & Central Asia,High income,2006,80228,,0.0,,7.225,,
Middle East & North Africa,High income,2006,7053700,,40.0,,40.375,,
Europe & Central Asia,High income,2006,58143979,,40.0,,46.16875,,
Latin America & Caribbean,Upper middle income,2006,2689660,,40.0,,60.75000000000001,,
East Asia & Pacific,High income,2006,127854000,,40.0,,50.93124999999999,,
Middle East & North Africa,Lower middle income,2006,6075548,,20.0,,63.0625,,
Europe & Central Asia,Upper middle income,2006,15308085,,40.0,,68.24374999999999,,
Sub-Saharan Africa,Lower middle income,2006,36925253,,20.0,,66.77499999999999,,
East Asia & Pacific,Lower middle income,2006,100083,,20.0,,42.55,,
East Asia & Pacific,Low income,2006,24235761,,0.0,,40.3625,,
East Asia & Pacific,High income,2006,48438292,,20.0,,58.11875,,
Europe & Central Asia,Upper middle income,2006,1817659,,20.0,,,,
Middle East & North Africa,High income,2006,2363409,,20.0,,41.7625,,
Europe & Central Asia,Lower middle income,2006,5218400,,40.0,,68.09375,,
East Asia & Pacific,Lower middle income,2006,5946593,,30.0,,56.49999999999999,,
Europe & Central Asia,High income,2006,2218357,,40.0,,39.59375,,
Middle East & North Africa,Lower middle income,2006,4719864,,20.0,,60.57499999999999,,
Sub-Saharan Africa,Lower middle income,2006,1976780,,20.0,,49.71875000000001,,
Sub-Saharan Africa,Low income,2006,3455397,,20.0,,41.16875,,
Middle East & North Africa,Upper middle income,2006,5973369,,20.0,,36.306250000000006,,
Europe & Central Asia,High income,2006,34889,,0.0,,18.7625,,
Europe & Central Asia,High income,2006,3269909,,40.0,,41.45625,,
Europe & Central Asia,High income,2006,472637,,40.0,,41.31875,,
East Asia & Pacific,High income,2006,501863,,0.0,,20.95625,,
Sub-Saharan Africa,Low income,2006,19350299,,40.0,,62.01875,,
Sub-Saharan Africa,Low income,2006,13118307,,20.0,,61.32500000000001,,
East Asia & Pacific,Upper middle income,2006,26509413,,40.0,,64.9625,,
South Asia,Upper middle income,2006,314401,,20.0,,55.31875000000001,,
Sub-Saharan Africa,Low income,2006,13623541,,20.0,,60.7,,
Middle East & North Africa,High income,2006,405308,,0.0,,35.075,,
East Asia & Pacific,Upper middle income,2006,54208,,0.0,,31.38125,,
Sub-Saharan Africa,Lower middle income,2006,3081229,,30.0,,43.5875,,
Sub-Saharan Africa,Upper middle income,2006,1233996,,20.0,,65.4,,
Latin America & Caribbean,Upper middle income,2006,106886790,,40.0,,70.25,,
East Asia & Pacific,Lower middle income,2006,110301,,20.0,,34.625,,
Europe & Central Asia,Upper middle income,2006,2880967,,40.0,,54.85,,
Europe & Central Asia,High income,2006,32011,,20.0,,14.3375,,
East Asia & Pacific,Upper middle income,2006,2581242,,30.0,,61.76875,,
Europe & Central Asia,Upper middle income,2006,615025,,40.0,,50.85625,,
Middle East & North Africa,Lower middle income,2006,30833022,,30.0,,67.21249999999999,,
Sub-Saharan Africa,Low income,2006,20735982,,30.0,,56.38125,,
East Asia & Pacific,Lower middle income,2006,48088274,,20.0,,54.01874999999999,,
Sub-Saharan Africa,Upper middle income,2006,1986558,,20.0,,46.91875,,
East Asia & Pacific,High income,2006,10294,,20.0,,27.9,,
South Asia,Lower middle income,2006,26518971,,30.0,,58.30624999999999,,
Europe & Central Asia,High income,2006,16346101,,40.0,,42.9875,,
East Asia & Pacific,High income,2006,235750,,0.0,,16.9125,,
East Asia & Pacific,High income,2006,4184600,,40.0,,50.91875,,
Latin America & Caribbean,Lower middle income,2006,5529811,,40.0,,66.49375,,
Sub-Saharan Africa,Low income,2006,14365168,,20.0,,62.36250000000001,,
Sub-Saharan Africa,Lower middle income,2006,144329764,,20.0,,46.2,,
Europe & Central Asia,Upper middle income,2006,1994287,,40.0,,48.29999999999999,,
East Asia & Pacific,High income,2006,66060,,0.0,,9.8,,
Europe & Central Asia,High income,2006,4660677,,40.0,,44.837500000000006,,
Middle East & North Africa,High income,2006,2560649,,20.0,,41.50625,,
South Asia,Lower middle income,2006,178069984,,40.0,,64.81875000000001,,
East Asia & Pacific,High income,2006,19619,,20.0,,34.56250000000001,,
Latin America & Caribbean,High income,2006,3368573,,40.0,,62.9625,,
East Asia & Pacific,Lower middle income,2006,6708217,,20.0,,52.35,,
Latin America & Caribbean,Upper middle income,2006,5534675,,40.0,,67.5125,,
Latin America & Caribbean,Upper middle income,2006,28381078,,40.0,,69.525,,
East Asia & Pacific,Lower middle income,2006,87901835,,40.0,,65.86874999999999,,
Europe & Central Asia,High income,2006,38141267,,40.0,,42.33749999999999,,
Europe & Central Asia,High income,2006,10522288,,40.0,,44.53124999999999,,
Latin America & Caribbean,High income,2006,3805214,,0.0,,19.84375,,
Middle East & North Africa,High income,2006,1015060,,20.0,,34.81249999999999,,
Europe & Central Asia,High income,2006,21193760,,40.0,,50.93124999999999,,
Europe & Central Asia,High income,2006,143049637,,40.0,,38.69375,,
Sub-Saharan Africa,Low income,2006,9270066,,30.0,,45.1375,,
East Asia & Pacific,Lower middle income,2006,189379,,20.0,,49.325,,
Europe & Central Asia,High income,2006,29959,,0.0,,15.59375,,
Sub-Saharan Africa,Lower middle income,2006,165725,,20.0,,44.7375,,
Middle East & North Africa,High income,2006,25382870,,20.0,,42.39375,,
Sub-Saharan Africa,Lower middle income,2006,11263387,,20.0,,60.69375,,
Europe & Central Asia,Upper middle income,2006,7411569,,40.0,,56.21875000000001,,
Sub-Saharan Africa,High income,2006,84600,,0.0,,55.31250000000001,,
Sub-Saharan Africa,Low income,2006,5809774,,20.0,,54.6375,,
East Asia & Pacific,High income,2006,4401365,,40.0,,35.925,,
Latin America & Caribbean,High income,2006,33441,,0.0,,6.5625,,
Europe & Central Asia,High income,2006,5373054,,40.0,,40.75,,
Europe & Central Asia,High income,2006,2006868,,40.0,,51.8625,,
East Asia & Pacific,Lower middle income,2006,493430,,20.0,,40.49374999999999,,
Sub-Saharan Africa,Low income,2006,10784973,,20.0,,36.243750000000006,,
Sub-Saharan Africa,Upper middle income,2006,49491756,,20.0,,58.875,,
Sub-Saharan Africa,Low income,2006,8029517,,20.0,,18.73125,,
Europe & Central Asia,High income,2006,44397319,,40.0,,54.25625000000001,,
South Asia,Lower middle income,2006,19870706,,40.0,,63.83125,,
Latin America & Caribbean,High income,2006,46874,,0.0,,41.462500000000006,,
Latin America & Caribbean,Upper middle income,2006,166470,,0.0,,43.39375,,
Latin America & Caribbean,High income,2006,34183,,0.0,,5.41875,,
Latin America & Caribbean,Upper middle income,2006,111427,,20.0,,53.65,,
Sub-Saharan Africa,Low income,2006,30332968,,20.0,,49.36874999999999,,
Latin America & Caribbean,Upper middle income,2006,522023,,20.0,,41.56875,,
Europe & Central Asia,High income,2006,9080505,,40.0,,53.1625,,
Europe & Central Asia,High income,2006,7483934,,40.0,,57.13125,,
Middle East & North Africa,Low income,2006,19432009,,30.0,,59.43750000000001,,
Europe & Central Asia,Lower middle income,2006,7057417,,30.0,,46.48125,,
Sub-Saharan Africa,Lower middle income,2006,40562052,,20.0,,61.68750000000001,,
East Asia & Pacific,Upper middle income,2006,66319525,,40.0,,53.36875,,
East Asia & Pacific,Lower middle income,2006,994564,,20.0,,47.64375,,
Sub-Saharan Africa,Low income,2006,5874240,,20.0,,60.712500000000006,,
East Asia & Pacific,Upper middle income,2006,106190,,20.0,,46.54375,,
Latin America & Caribbean,High income,2006,1376919,,20.0,,54.925,,
Middle East & North Africa,Lower middle income,2006,10483558,,30.0,,68.13749999999999,,
Europe & Central Asia,Upper middle income,2006,69601333,,40.0,,68.85,,
Europe & Central Asia,Upper middle income,2006,4954029,,20.0,,40.01875,,
Latin America & Caribbean,High income,2006,25128,,0.0,,12.975,,
East Asia & Pacific,Upper middle income,2006,10030,,20.0,,29.831250000000004,,
Sub-Saharan Africa,Low income,2006,28773227,,40.0,,63.95000000000001,,
Europe & Central Asia,Upper middle income,2006,46787786,,40.0,,58.40625000000001,,
Middle East & North Africa,High income,2006,4898954,,20.0,,29.575000000000003,,
Europe & Central Asia,High income,2006,60846820,,40.0,,51.5,,
North America,High income,2006,298379912,,40.0,,45.56875,,
Latin America & Caribbean,High income,2006,3322282,,40.0,,65.46875,,
Europe & Central Asia,Lower middle income,2006,26488250,,40.0,,44.8625,,
East Asia & Pacific,Lower middle income,2006,222923,,20.0,,46.1375,,
East Asia & Pacific,Lower middle income,2006,83951800,,40.0,,59.71875,,
Latin America & Caribbean,High income,2006,108369,,0.0,,10.59375,,
Middle East & North Africa,Lower middle income,2006,3406334,,40.0,,51.325,,
Middle East & North Africa,Low income,2006,21966298,,20.0,,55.41875,,
Sub-Saharan Africa,Lower middle income,2006,11971567,,40.0,,56.6125,,
Sub-Saharan Africa,Lower middle income,2006,12330490,,20.0,,47.06875,,
South Asia,Low income,2005,24411191,,20.0,,45.0125,,
Europe & Central Asia,Upper middle income,2005,3011487,,40.0,,65.88125,,
Middle East & North Africa,Upper middle income,2005,32956690,,20.0,,54.43125,,
East Asia & Pacific,High income,2005,57254,,0.0,,16.63125,,
Europe & Central Asia,High income,2005,79826,,20.0,,20.7875,,
Sub-Saharan Africa,Lower middle income,2005,19450959,,20.0,,59.50625,,
Latin America & Caribbean,High income,2005,79869,,20.0,,46.24375,,
Latin America & Caribbean,Upper middle income,2005,39070501,,40.0,,77.6125,,
Europe & Central Asia,Upper middle income,2005,3047246,,40.0,,60.14375,,
Latin America & Caribbean,High income,2005,94483,,0.0,,19.83125,,
East Asia & Pacific,High income,2005,20176844,,40.0,,52.56875,,
Europe & Central Asia,High income,2005,8227829,,40.0,,60.61874999999999,,
Europe & Central Asia,Upper middle income,2005,8391850,,40.0,,54.80625,,
Latin America & Caribbean,High income,2005,347804,,20.0,,36.475,,
Middle East & North Africa,High income,2005,901921,,20.0,,43.775,,
South Asia,Lower middle income,2005,140912590,,40.0,,59.55625000000001,,
Latin America & Caribbean,High income,2005,269477,,20.0,,57.28124999999999,,
Europe & Central Asia,Upper middle income,2005,9663915,,40.0,,55.243750000000006,,
Europe & Central Asia,High income,2005,10478617,,40.0,,52.725,,
Latin America & Caribbean,Upper middle income,2005,280375,,20.0,,56.71874999999999,,
Sub-Saharan Africa,Lower middle income,2005,8149419,,20.0,,46.425,,
North America,High income,2005,64154,,0.0,,15.19375,,
South Asia,Lower middle income,2005,663323,,20.0,,59.37499999999999,,
Latin America & Caribbean,Lower middle income,2005,9377388,,40.0,,70.81875,,
Europe & Central Asia,Upper middle income,2005,4094297,,40.0,,50.5875,,
Sub-Saharan Africa,Upper middle income,2005,1892807,,20.0,,48.962500000000006,,
Latin America & Caribbean,Upper middle income,2005,186797334,,40.0,,73.99374999999999,,
Latin America & Caribbean,High income,2005,23497,,0.0,,18.675,,
East Asia & Pacific,High income,2005,366717,,20.0,,34.575,,
Europe & Central Asia,High income,2005,7658972,,30.0,,57.9875,,
Sub-Saharan Africa,Low income,2005,13876127,,30.0,,59.425,,
Sub-Saharan Africa,Low income,2005,7388874,,20.0,,45.1,,
Sub-Saharan Africa,Lower middle income,2005,492827,,20.0,,50.46874999999999,,
East Asia & Pacific,Lower middle income,2005,13246583,,20.0,,65.50625,,
Sub-Saharan Africa,Lower middle income,2005,17275171,,20.0,,61.06875000000001,,
North America,High income,2005,32242732,,40.0,,48.85625,,
Latin America & Caribbean,High income,2005,46727,,0.0,,17.950000000000003,,
Sub-Saharan Africa,Low income,2005,4208834,,20.0,,37.675,,
Sub-Saharan Africa,Low income,2005,10005012,,20.0,,40.325,,
Europe & Central Asia,High income,2005,150763,,0.0,,,,
Latin America & Caribbean,High income,2005,16175311,,40.0,,62.79999999999999,,
East Asia & Pacific,Upper middle income,2005,1303720000,,40.0,,47.30625,,
Latin America & Caribbean,Upper middle income,2005,42220940,,40.0,,68.33749999999999,,
Sub-Saharan Africa,Lower middle income,2005,592683,,0.0,,51.71875,,
Sub-Saharan Africa,Low income,2005,56550247,,20.0,,48.39375,,
Sub-Saharan Africa,Lower middle income,2005,3672839,,20.0,,51.71875,,
Latin America & Caribbean,Upper middle income,2005,4315887,,40.0,,68.77499999999999,,
Sub-Saharan Africa,Lower middle income,2005,18970215,,30.0,,57.225,,
Europe & Central Asia,High income,2005,4310145,,40.0,,49.1625,,
Latin America & Caribbean,Upper middle income,2005,11246114,,20.0,,46.44375,,
Latin America & Caribbean,High income,2005,137658,,0.0,,14.8,,
Europe & Central Asia,High income,2005,1037062,,40.0,,51.96875000000001,,
Europe & Central Asia,High income,2005,10211216,,40.0,,44.26875,,
Europe & Central Asia,High income,2005,5419432,,40.0,,45.3625,,
Middle East & North Africa,Lower middle income,2005,830861,,20.0,,48.05624999999999,,
Latin America & Caribbean,Upper middle income,2005,68674,,0.0,,39.21875000000001,,
Latin America & Caribbean,Upper middle income,2005,9164768,,40.0,,54.44375,,
Latin America & Caribbean,Upper middle income,2005,13770012,,40.0,,70.575,,
Middle East & North Africa,Lower middle income,2005,79075310,,20.0,,67.21249999999999,,
Latin America & Caribbean,Upper middle income,2005,6037817,,40.0,,67.61875,,
Sub-Saharan Africa,Upper middle income,2005,864726,,20.0,,39.00625,,
Sub-Saharan Africa,Low income,2005,2831732,,20.0,,36.775,,
Europe & Central Asia,High income,2005,1354775,,40.0,,51.96875000000001,,
Sub-Saharan Africa,Lower middle income,2005,1071886,,20.0,,54.31250000000001,,
Sub-Saharan Africa,Low income,2005,77469940,,30.0,,68.575,,
Europe & Central Asia,High income,2005,48291,,0.0,,8.40625,,
East Asia & Pacific,Upper middle income,2005,874923,,20.0,,57.91875,,
Europe & Central Asia,High income,2005,5246096,,40.0,,57.23125,,
Europe & Central Asia,High income,2005,63188395,,40.0,,46.6625,,
East Asia & Pacific,High income,2005,271060,,0.0,,16.25,,
Sub-Saharan Africa,Upper middle income,2005,1458353,,20.0,,41.71874999999999,,
Sub-Saharan Africa,Low income,2005,1660368,,20.0,,40.60625,,
Europe & Central Asia,Upper middle income,2005,3902469,,40.0,,59.31249999999999,,
Europe & Central Asia,High income,2005,82469422,,40.0,,46.96875,,
Sub-Saharan Africa,Lower middle income,2005,22496951,,30.0,,46.900000000000006,,
Europe & Central Asia,High income,2005,29155,,0.0,,8.34375,,
Europe & Central Asia,High income,2005,10987314,,40.0,,43.46874999999999,,
Europe & Central Asia,High income,2005,56935,,0.0,,13.6125,,
Latin America & Caribbean,Upper middle income,2005,110254,,0.0,,57.06249999999999,,
East Asia & Pacific,High income,2005,164430,,0.0,,16.8875,,
Latin America & Caribbean,Upper middle income,2005,12948292,,20.0,,64.95,,
Sub-Saharan Africa,Lower middle income,2005,9140114,,20.0,,43.025000000000006,,
Sub-Saharan Africa,Low income,2005,1379713,,20.0,,36.21875,,
Latin America & Caribbean,High income,2005,759709,,20.0,,54.325,,
Latin America & Caribbean,Lower middle income,2005,9111900,,20.0,,39.7125,,
Latin America & Caribbean,Lower middle income,2005,7564613,,40.0,,64.7625,,
East Asia & Pacific,High income,2005,6813200,,0.0,,26.69375,,
Europe & Central Asia,High income,2005,10087065,,40.0,,44.38125,,
Europe & Central Asia,High income,2005,296734,,20.0,,42.2,,
South Asia,Lower middle income,2005,1154638713,,40.0,,56.03125,,
East Asia & Pacific,Upper middle income,2005,228805144,,40.0,,60.94375,,
Middle East & North Africa,Upper middle income,2005,70182594,,30.0,,63.0125,,
Middle East & North Africa,Upper middle income,2005,28698684,,20.0,,44.08125,,
Europe & Central Asia,High income,2005,4159914,,40.0,,46.41874999999999,,
Europe & Central Asia,High income,2005,79415,,0.0,,6.581250000000001,,
Middle East & North Africa,High income,2005,6930100,,40.0,,41.36875,,
Europe & Central Asia,High income,2005,57969484,,40.0,,44.9,,
Latin America & Caribbean,Upper middle income,2005,2676863,,40.0,,61.69375,,
East Asia & Pacific,High income,2005,127773000,,40.0,,50.98125,,
Middle East & North Africa,Lower middle income,2005,5678534,,20.0,,60.74375,,
Europe & Central Asia,Upper middle income,2005,15147029,,40.0,,64.24375,,
Sub-Saharan Africa,Lower middle income,2005,35843010,,20.0,,64.06250000000001,,
East Asia & Pacific,Lower middle income,2005,98164,,20.0,,39.400000000000006,,
East Asia & Pacific,Low income,2005,24100982,,0.0,,39.825,,
East Asia & Pacific,High income,2005,48184561,,20.0,,56.09375,,
Europe & Central Asia,Upper middle income,2005,1825050,,20.0,,,,
Middle East & North Africa,High income,2005,2235403,,20.0,,42.36874999999999,,
Europe & Central Asia,Lower middle income,2005,5162600,,40.0,,64.825,,
East Asia & Pacific,Lower middle income,2005,5852970,,30.0,,54.675,,
Europe & Central Asia,High income,2005,2238799,,40.0,,39.49375,,
Middle East & North Africa,Lower middle income,2005,4643044,,20.0,,60.3625,,
Sub-Saharan Africa,Lower middle income,2005,1977424,,20.0,,47.868750000000006,,
Sub-Saharan Africa,Low income,2005,3266318,,20.0,,40.725,,
Middle East & North Africa,Upper middle income,2005,5837986,,20.0,,34.5375,,
Europe & Central Asia,High income,2005,34603,,0.0,,19.21875,,
Europe & Central Asia,High income,2005,3322528,,40.0,,41.55,,
Europe & Central Asia,High income,2005,465158,,20.0,,41.41875,,
East Asia & Pacific,High income,2005,488619,,0.0,,21.2625,,
Sub-Saharan Africa,Low income,2005,18792171,,40.0,,61.8875,,
Sub-Saharan Africa,Low income,2005,12755648,,20.0,,61.5625,,
East Asia & Pacific,Upper middle income,2005,25923536,,30.0,,64.86875,,
South Asia,Upper middle income,2005,307018,,20.0,,54.99375,,
Sub-Saharan Africa,Low income,2005,13180551,,20.0,,53.73125,,
Middle East & North Africa,High income,2005,403834,,0.0,,34.425,,
East Asia & Pacific,Upper middle income,2005,54337,,0.0,,31.2375,,
Sub-Saharan Africa,Lower middle income,2005,3012360,,40.0,,42.725,,
Sub-Saharan Africa,Upper middle income,2005,1228254,,20.0,,64.85,,
Latin America & Caribbean,Upper middle income,2005,105442402,,40.0,,66.975,,
East Asia & Pacific,Lower middle income,2005,110940,,20.0,,31.35625,,
Europe & Central Asia,Upper middle income,2005,2888985,,40.0,,54.6,,
Europe & Central Asia,High income,2005,32141,,20.0,,15.0875,,
East Asia & Pacific,Upper middle income,2005,2559255,,30.0,,61.79375,,
Europe & Central Asia,Upper middle income,2005,614261,,20.0,,42.38125,,
Middle East & North Africa,Lower middle income,2005,30431902,,20.0,,62.7,,
Sub-Saharan Africa,Low income,2005,20211114,,30.0,,54.58125,,
East Asia & Pacific,Lower middle income,2005,47724471,,20.0,,55.0625,,
Sub-Saharan Africa,Upper middle income,2005,1962865,,20.0,,46.13125000000001,,
East Asia & Pacific,High income,2005,10318,,20.0,,27.39375,,
South Asia,Lower middle income,2005,26285110,,30.0,,55.84375,,
Europe & Central Asia,High income,2005,16319868,,40.0,,42.19375,,
East Asia & Pacific,High income,2005,232250,,0.0,,16.9125,,
East Asia & Pacific,High income,2005,4133900,,40.0,,40.20625,,
Latin America & Caribbean,Lower middle income,2005,5454678,,40.0,,66.23750000000001,,
Sub-Saharan Africa,Low income,2005,13855221,,20.0,,57.47500000000001,,
Sub-Saharan Africa,Lower middle income,2005,140490722,,20.0,,46.65625000000001,,
Europe & Central Asia,Upper middle income,2005,2005330,,40.0,,46.88125,,
East Asia & Pacific,High income,2005,69025,,0.0,,9.8,,
Europe & Central Asia,High income,2005,4623291,,40.0,,44.7875,,
Middle East & North Africa,High income,2005,2515192,,20.0,,40.975,,
South Asia,Lower middle income,2005,174372098,,40.0,,64.525,,
East Asia & Pacific,High income,2005,19831,,20.0,,31.975000000000005,,
Latin America & Caribbean,High income,2005,3305868,,40.0,,62.3625,,
East Asia & Pacific,Lower middle income,2005,6498818,,20.0,,49.8,,
Latin America & Caribbean,Upper middle income,2005,5476878,,40.0,,66.33125000000001,,
Latin America & Caribbean,Upper middle income,2005,28147267,,40.0,,68.15,,
East Asia & Pacific,Lower middle income,2005,86261250,,40.0,,60.33125,,
Europe & Central Asia,High income,2005,38165445,,40.0,,43.48125,,
Europe & Central Asia,High income,2005,10503330,,40.0,,44.825,,
Latin America & Caribbean,High income,2005,3821362,,0.0,,20.44375,,
Middle East & North Africa,High income,2005,848710,,20.0,,34.568749999999994,,
Europe & Central Asia,High income,2005,21319685,,40.0,,49.8375,,
Europe & Central Asia,High income,2005,143518814,,40.0,,38.39374999999999,,
Sub-Saharan Africa,Low income,2005,9026299,,40.0,,44.91875,,
East Asia & Pacific,Lower middle income,2005,188626,,20.0,,48.1,,
Europe & Central Asia,High income,2005,29508,,0.0,,16.34375,,
Sub-Saharan Africa,Lower middle income,2005,161680,,20.0,,41.54375,,
Middle East & North Africa,High income,2005,24397644,,20.0,,40.46875,,
Sub-Saharan Africa,Lower middle income,2005,10974057,,20.0,,60.05624999999999,,
Europe & Central Asia,Upper middle income,2005,7440769,,40.0,,54.38125,,
Sub-Saharan Africa,High income,2005,82858,,20.0,,54.23125,,
Sub-Saharan Africa,Low income,2005,5683334,,20.0,,40.1125,,
East Asia & Pacific,High income,2005,4265762,,40.0,,34.7375,,
Latin America & Caribbean,High income,2005,33011,,0.0,,6.5625,,
Europe & Central Asia,High income,2005,5372807,,40.0,,41.54375,,
Europe & Central Asia,High income,2005,2000474,,40.0,,51.06875,,
East Asia & Pacific,Lower middle income,2005,482486,,20.0,,40.55,,
Sub-Saharan Africa,Low income,2005,10467292,,20.0,,28.33125,,
Sub-Saharan Africa,Upper middle income,2005,49017147,,20.0,,57.69375,,
Sub-Saharan Africa,Low income,2005,7662654,,20.0,,16.662499999999998,,
Europe & Central Asia,High income,2005,43653155,,40.0,,53.45625,,
South Asia,Lower middle income,2005,19673866,,20.0,,60.90624999999999,,
Latin America & Caribbean,High income,2005,46725,,0.0,,42.60625,,
Latin America & Caribbean,Upper middle income,2005,165386,,20.0,,44.4125,,
Latin America & Caribbean,High income,2005,33452,,0.0,,5.41875,,
Latin America & Caribbean,Upper middle income,2005,112043,,20.0,,54.79375,,
Sub-Saharan Africa,Low income,2005,29540577,,20.0,,48.075,,
Latin America & Caribbean,Upper middle income,2005,516220,,20.0,,38.3875,,
Europe & Central Asia,High income,2005,9029572,,40.0,,53.95625,,
Europe & Central Asia,High income,2005,7437115,,40.0,,56.3375,,
Middle East & North Africa,Low income,2005,18583557,,30.0,,54.94375,,
Europe & Central Asia,Lower middle income,2005,6929145,,30.0,,44.08125,,
Sub-Saharan Africa,Lower middle income,2005,39439505,,20.0,,58.1875,,
East Asia & Pacific,Upper middle income,2005,65821360,,40.0,,49.1125,,
East Asia & Pacific,Lower middle income,2005,969313,,20.0,,35.112500000000004,,
Sub-Saharan Africa,Low income,2005,5711597,,20.0,,55.30624999999999,,
East Asia & Pacific,Upper middle income,2005,105633,,20.0,,34.95,,
Latin America & Caribbean,High income,2005,1369075,,20.0,,53.89375,,
Middle East & North Africa,Lower middle income,2005,10388344,,30.0,,63.243749999999984,,
Europe & Central Asia,Upper middle income,2005,68704715,,40.0,,63.36249999999999,,
Europe & Central Asia,Upper middle income,2005,4885775,,20.0,,37.775,,
Latin America & Caribbean,High income,2005,23995,,0.0,,12.975,,
East Asia & Pacific,Upper middle income,2005,9912,,20.0,,29.687499999999996,,
Sub-Saharan Africa,Low income,2005,27946588,,40.0,,58.16875,,
Europe & Central Asia,Upper middle income,2005,47105171,,40.0,,57.9125,,
Middle East & North Africa,High income,2005,4280993,,20.0,,30.86875000000001,,
Europe & Central Asia,High income,2005,60401206,,40.0,,51.9,,
North America,High income,2005,295516599,,40.0,,45.41875,,
Latin America & Caribbean,High income,2005,3317665,,40.0,,61.58125,,
Europe & Central Asia,Lower middle income,2005,26167000,,40.0,,39.9625,,
East Asia & Pacific,Lower middle income,2005,217632,,20.0,,37.34375,,
East Asia & Pacific,Lower middle income,2005,83142095,,40.0,,56.118750000000006,,
Latin America & Caribbean,High income,2005,108453,,0.0,,10.79375,,
Middle East & North Africa,Lower middle income,2005,3320396,,40.0,,51.58125,,
Middle East & North Africa,Low income,2005,21320671,,20.0,,54.4875,,
Sub-Saharan Africa,Lower middle income,2005,11564870,,40.0,,54.2375,,
Sub-Saharan Africa,Lower middle income,2005,12224753,,20.0,,43.01875,,
South Asia,Low income,2004,23553551,,20.0,,,,
Europe & Central Asia,Upper middle income,2004,3026939,,20.0,,,,
Middle East & North Africa,Upper middle income,2004,32510186,,20.0,,,,
East Asia & Pacific,High income,2004,57626,,0.0,,,,
Europe & Central Asia,High income,2004,76933,,0.0,,,,
Sub-Saharan Africa,Lower middle income,2004,18771125,,20.0,,,,
Latin America & Caribbean,High income,2004,78941,,0.0,,,,
Latin America & Caribbean,Upper middle income,2004,38668796,,40.0,,,,
Europe & Central Asia,Upper middle income,2004,3065745,,40.0,,,,
Latin America & Caribbean,High income,2004,93540,,0.0,,,,
East Asia & Pacific,High income,2004,19932722,,40.0,,,,
Europe & Central Asia,High income,2004,8171966,,40.0,,,,
Europe & Central Asia,Upper middle income,2004,8306500,,40.0,,,,
Latin America & Caribbean,High income,2004,343089,,20.0,,,,
Middle East & North Africa,High income,2004,833451,,20.0,,,,
South Asia,Lower middle income,2004,138789725,,20.0,,,,
Latin America & Caribbean,High income,2004,268505,,20.0,,,,
Europe & Central Asia,Upper middle income,2004,9730146,,40.0,,,,
Europe & Central Asia,High income,2004,10421137,,40.0,,,,
Latin America & Caribbean,Upper middle income,2004,272128,,30.0,,,,
Sub-Saharan Africa,Lower middle income,2004,7894554,,20.0,,,,
North America,High income,2004,63740,,0.0,,,,
South Asia,Lower middle income,2004,649991,,20.0,,,,
Latin America & Caribbean,Lower middle income,2004,9216279,,40.0,,,,
Europe & Central Asia,Upper middle income,2004,4142860,,40.0,,,,
Sub-Saharan Africa,Upper middle income,2004,1859085,,20.0,,,,
Latin America & Caribbean,Upper middle income,2004,184722043,,40.0,,,,
Latin America & Caribbean,High income,2004,22715,,0.0,,,,
East Asia & Pacific,High income,2004,360461,,20.0,,,,
Europe & Central Asia,High income,2004,7716860,,30.0,,,,
Sub-Saharan Africa,Low income,2004,13445977,,30.0,,,,
Sub-Saharan Africa,Low income,2004,7120496,,20.0,,,,
Sub-Saharan Africa,Lower middle income,2004,486583,,20.0,,,,
East Asia & Pacific,Lower middle income,2004,13016371,,20.0,,,,
Sub-Saharan Africa,Lower middle income,2004,16809407,,20.0,,,,
North America,High income,2004,31938807,,40.0,,,,
Latin America & Caribbean,High income,2004,45286,,0.0,,,,
Sub-Saharan Africa,Low income,2004,4115138,,20.0,,,,
Sub-Saharan Africa,Low income,2004,9613503,,20.0,,,,
Europe & Central Asia,High income,2004,149538,,0.0,,,,
Latin America & Caribbean,High income,2004,16017966,,40.0,,,,
East Asia & Pacific,Upper middle income,2004,1296075000,,40.0,,,,
Latin America & Caribbean,Upper middle income,2004,41648268,,40.0,,,,
Sub-Saharan Africa,Lower middle income,2004,581154,,0.0,,,,
Sub-Saharan Africa,Low income,2004,54815607,,20.0,,,,
Sub-Saharan Africa,Lower middle income,2004,3543012,,20.0,,,,
Latin America & Caribbean,Upper middle income,2004,4252800,,40.0,,,,
Sub-Saharan Africa,Lower middle income,2004,18544903,,30.0,,,,
Europe & Central Asia,High income,2004,4304600,,40.0,,,,
Latin America & Caribbean,Upper middle income,2004,11225294,,20.0,,,,
Latin America & Caribbean,High income,2004,134192,,0.0,,,,
Europe & Central Asia,High income,2004,1018684,,20.0,,,,
Europe & Central Asia,High income,2004,10197101,,30.0,,,,
Europe & Central Asia,High income,2004,5404523,,40.0,,,,
Middle East & North Africa,Lower middle income,2004,818373,,20.0,,,,
Latin America & Caribbean,Upper middle income,2004,68574,,0.0,,,,
Latin America & Caribbean,Upper middle income,2004,9043127,,40.0,,,,
Latin America & Caribbean,Upper middle income,2004,13534593,,40.0,,,,
Middle East & North Africa,Lower middle income,2004,77522427,,20.0,,,,
Latin America & Caribbean,Upper middle income,2004,6035655,,40.0,,,,
Sub-Saharan Africa,Upper middle income,2004,826355,,20.0,,,,
Sub-Saharan Africa,Low income,2004,2763140,,20.0,,,,
Europe & Central Asia,High income,2004,1362550,,40.0,,,,
Sub-Saharan Africa,Lower middle income,2004,1065764,,20.0,,,,
Sub-Saharan Africa,Low income,2004,75301026,,40.0,,,,
Europe & Central Asia,High income,2004,47989,,0.0,,,,
East Asia & Pacific,Upper middle income,2004,866694,,20.0,,,,
Europe & Central Asia,High income,2004,5228172,,40.0,,,,
Europe & Central Asia,High income,2004,62716306,,40.0,,,,
East Asia & Pacific,High income,2004,267132,,0.0,,,,
Sub-Saharan Africa,Upper middle income,2004,1417110,,20.0,,,,
Sub-Saharan Africa,Low income,2004,1612225,,20.0,,,,
Europe & Central Asia,Upper middle income,2004,3927340,,40.0,,,,
Europe & Central Asia,High income,2004,82516260,,40.0,,,,
Sub-Saharan Africa,Lower middle income,2004,21906444,,20.0,,,,
Europe & Central Asia,High income,2004,28716,,0.0,,,,
Europe & Central Asia,High income,2004,10955141,,40.0,,,,
Europe & Central Asia,High income,2004,56911,,0.0,,,,
Latin America & Caribbean,Upper middle income,2004,109516,,20.0,,,,
East Asia & Pacific,High income,2004,164004,,0.0,,,,
Latin America & Caribbean,Upper middle income,2004,12682108,,20.0,,,,
Sub-Saharan Africa,Lower middle income,2004,8961039,,20.0,,,,
Sub-Saharan Africa,Low income,2004,1347009,,20.0,,,,
Latin America & Caribbean,High income,2004,760424,,20.0,,,,
Latin America & Caribbean,Lower middle income,2004,8961489,,20.0,,,,
Latin America & Caribbean,Lower middle income,2004,7383407,,40.0,,,,
East Asia & Pacific,High income,2004,6783500,,0.0,,,,
Europe & Central Asia,High income,2004,10107146,,40.0,,,,
Europe & Central Asia,High income,2004,292074,,20.0,,,,
South Asia,Lower middle income,2004,1136264583,,40.0,,,,
East Asia & Pacific,Upper middle income,2004,225938595,,40.0,,,,
Middle East & North Africa,Upper middle income,2004,69061674,,20.0,,,,
Middle East & North Africa,Upper middle income,2004,27858948,,20.0,,,,
Europe & Central Asia,High income,2004,4070262,,40.0,,,,
Europe & Central Asia,High income,2004,78677,,0.0,,,,
Middle East & North Africa,High income,2004,6809000,,40.0,,,,
Europe & Central Asia,High income,2004,57685327,,40.0,,,,
Latin America & Caribbean,Upper middle income,2004,2664024,,40.0,,,,
East Asia & Pacific,High income,2004,127761000,,40.0,,,,
Middle East & North Africa,Lower middle income,2004,5532423,,30.0,,,,
Europe & Central Asia,Upper middle income,2004,15012984,,40.0,,,,
Sub-Saharan Africa,Lower middle income,2004,34791836,,20.0,,,,
East Asia & Pacific,Lower middle income,2004,96224,,20.0,,,,
East Asia & Pacific,Low income,2004,23948930,,0.0,,,,
East Asia & Pacific,High income,2004,48082519,,20.0,,,,
Europe & Central Asia,Upper middle income,2004,1832239,,0.0,,,,
Middle East & North Africa,High income,2004,2153481,,20.0,,,,
Europe & Central Asia,Lower middle income,2004,5104700,,40.0,,,,
East Asia & Pacific,Lower middle income,2004,5768167,,30.0,,,,
Europe & Central Asia,High income,2004,2263122,,40.0,,,,
Middle East & North Africa,Lower middle income,2004,4574797,,20.0,,,,
Sub-Saharan Africa,Lower middle income,2004,1985384,,20.0,,,,
Sub-Saharan Africa,Low income,2004,3122447,,20.0,,,,
Middle East & North Africa,Upper middle income,2004,5687563,,20.0,,,,
Europe & Central Asia,High income,2004,34300,,0.0,,,,
Europe & Central Asia,High income,2004,3377075,,40.0,,,,
Europe & Central Asia,High income,2004,458095,,20.0,,,,
East Asia & Pacific,High income,2004,475529,,0.0,,,,
Sub-Saharan Africa,Low income,2004,18250774,,30.0,,,,
Sub-Saharan Africa,Low income,2004,12411342,,20.0,,,,
East Asia & Pacific,Upper middle income,2004,25333247,,30.0,,,,
South Asia,Upper middle income,2004,302135,,20.0,,,,
Sub-Saharan Africa,Low income,2004,12751995,,20.0,,,,
Middle East & North Africa,High income,2004,401268,,20.0,,,,
East Asia & Pacific,Upper middle income,2004,54435,,20.0,,,,
Sub-Saharan Africa,Lower middle income,2004,2946575,,40.0,,,,
Sub-Saharan Africa,Upper middle income,2004,1221003,,20.0,,,,
Latin America & Caribbean,Upper middle income,2004,103945813,,40.0,,,,
East Asia & Pacific,Lower middle income,2004,111438,,20.0,,,,
Europe & Central Asia,Upper middle income,2004,2896023,,40.0,,,,
Europe & Central Asia,High income,2004,32236,,20.0,,,,
East Asia & Pacific,Upper middle income,2004,2537949,,30.0,,,,
Europe & Central Asia,Upper middle income,2004,613353,,20.0,,,,
Middle East & North Africa,Lower middle income,2004,30033125,,20.0,,,,
Sub-Saharan Africa,Low income,2004,19694411,,30.0,,,,
East Asia & Pacific,Lower middle income,2004,47338446,,20.0,,,,
Sub-Saharan Africa,Upper middle income,2004,1939406,,20.0,,,,
East Asia & Pacific,High income,2004,10335,,20.0,,,,
South Asia,Lower middle income,2004,26003965,,30.0,,,,
Europe & Central Asia,High income,2004,16281779,,30.0,,,,
East Asia & Pacific,High income,2004,228750,,0.0,,,,
East Asia & Pacific,High income,2004,4087500,,40.0,,,,
Latin America & Caribbean,Lower middle income,2004,5386223,,40.0,,,,
Sub-Saharan Africa,Low income,2004,13366885,,20.0,,,,
Sub-Saharan Africa,Lower middle income,2004,136756848,,20.0,,,,
Europe & Central Asia,Upper middle income,2004,2016186,,40.0,,,,
East Asia & Pacific,High income,2004,71898,,0.0,,,,
Europe & Central Asia,High income,2004,4591910,,40.0,,,,
Middle East & North Africa,High income,2004,2468855,,20.0,,,,
South Asia,Lower middle income,2004,170648620,,40.0,,,,
East Asia & Pacific,High income,2004,19907,,20.0,,,,
Latin America & Caribbean,High income,2004,3243311,,40.0,,,,
East Asia & Pacific,Lower middle income,2004,6293166,,20.0,,,,
Latin America & Caribbean,Upper middle income,2004,5416324,,40.0,,,,
Latin America & Caribbean,Upper middle income,2004,27893911,,40.0,,,,
East Asia & Pacific,Lower middle income,2004,84607501,,40.0,,,,
Europe & Central Asia,High income,2004,38182222,,40.0,,,,
Europe & Central Asia,High income,2004,10483861,,40.0,,,,
Latin America & Caribbean,High income,2004,3826878,,0.0,,,,
Middle East & North Africa,High income,2004,777943,,20.0,,,,
Europe & Central Asia,High income,2004,21451748,,40.0,,,,
Europe & Central Asia,High income,2004,144067316,,40.0,,,,
Sub-Saharan Africa,Low income,2004,8791853,,20.0,,,,
East Asia & Pacific,Lower middle income,2004,188073,,20.0,,,,
Europe & Central Asia,High income,2004,29093,,0.0,,,,
Sub-Saharan Africa,Lower middle income,2004,157697,,20.0,,,,
Middle East & North Africa,High income,2004,23661808,,20.0,,,,
Sub-Saharan Africa,Lower middle income,2004,10698691,,20.0,,,,
Europe & Central Asia,Upper middle income,2004,7463157,,40.0,,,,
Sub-Saharan Africa,High income,2004,82475,,0.0,,,,
Sub-Saharan Africa,Low income,2004,5533329,,20.0,,,,
East Asia & Pacific,High income,2004,4166664,,40.0,,,,
Latin America & Caribbean,High income,2004,32488,,0.0,,,,
Europe & Central Asia,High income,2004,5372280,,30.0,,,,
Europe & Central Asia,High income,2004,1997012,,40.0,,,,
East Asia & Pacific,Lower middle income,2004,471785,,20.0,,,,
Sub-Saharan Africa,Low income,2004,10117354,,20.0,,,,
Sub-Saharan Africa,Upper middle income,2004,48556071,,20.0,,,,
Sub-Saharan Africa,Low income,2004,7317118,,20.0,,,,
Europe & Central Asia,High income,2004,42921895,,40.0,,,,
South Asia,Lower middle income,2004,19490431,,20.0,,,,
Latin America & Caribbean,High income,2004,46580,,0.0,,,,
Latin America & Caribbean,Upper middle income,2004,164239,,20.0,,,,
Latin America & Caribbean,High income,2004,32697,,0.0,,,,
Latin America & Caribbean,Upper middle income,2004,112608,,20.0,,,,
Sub-Saharan Africa,Low income,2004,28831550,,20.0,,,,
Latin America & Caribbean,Upper middle income,2004,510572,,20.0,,,,
Europe & Central Asia,High income,2004,8993531,,40.0,,,,
Europe & Central Asia,High income,2004,7389625,,40.0,,,,
Middle East & North Africa,Low income,2004,18084007,,30.0,,,,
Europe & Central Asia,Lower middle income,2004,6801204,,40.0,,,,
Sub-Saharan Africa,Lower middle income,2004,38360879,,20.0,,,,
East Asia & Pacific,Upper middle income,2004,65311166,,40.0,,,,
East Asia & Pacific,Lower middle income,2004,945989,,20.0,,,,
Sub-Saharan Africa,Low income,2004,5565218,,20.0,,,,
East Asia & Pacific,Upper middle income,2004,105036,,20.0,,,,
Latin America & Caribbean,High income,2004,1361172,,20.0,,,,
Middle East & North Africa,Lower middle income,2004,10292225,,30.0,,,,
Europe & Central Asia,Upper middle income,2004,67785075,,40.0,,,,
Europe & Central Asia,Upper middle income,2004,4819792,,20.0,,,,
Latin America & Caribbean,High income,2004,22869,,0.0,,,,
East Asia & Pacific,Upper middle income,2004,9791,,20.0,,,,
Sub-Saharan Africa,Low income,2004,27146084,,30.0,,,,
Europe & Central Asia,Upper middle income,2004,47451626,,40.0,,,,
Middle East & North Africa,High income,2004,3993339,,20.0,,,,
Europe & Central Asia,High income,2004,59987905,,40.0,,,,
North America,High income,2004,292805298,,40.0,,,,
Latin America & Caribbean,High income,2004,3313801,,40.0,,,,
Europe & Central Asia,Lower middle income,2004,25864350,,40.0,,,,
East Asia & Pacific,Lower middle income,2004,212422,,20.0,,,,
East Asia & Pacific,Lower middle income,2004,82311227,,40.0,,,,
Latin America & Caribbean,High income,2004,108466,,0.0,,,,
Middle East & North Africa,Lower middle income,2004,3236626,,20.0,,,,
Middle East & North Africa,Low income,2004,20733406,,20.0,,,,
Sub-Saharan Africa,Lower middle income,2004,11188040,,40.0,,,,
Sub-Saharan Africa,Lower middle income,2004,12160881,,20.0,,,,
